PESSOA,TEMA,lado,LINKEDIN
angel,Doing the crossover,oferta,https://www.linkedin.com/in/lauramattosc/
brittney,Brushing on mascara & adding lashes,oferta,https://www.linkedin.com/in/lauramattosc/
floyd,Plating the 2 sauces & mushrooms,oferta,https://www.linkedin.com/in/lauramattosc/
astrid,Intro,oferta,https://www.linkedin.com/in/lauramattosc/
christa,Brushing on mascara & adding lashes,oferta,https://www.linkedin.com/in/lauramattosc/
aidan,Ingredients for dressing,oferta,https://www.linkedin.com/in/lauramattosc/
dianne,Intro,oferta,https://www.linkedin.com/in/lauramattosc/
alvin,Removing stick from water,oferta,https://www.linkedin.com/in/lauramattosc/
eric,Removing stick from water,oferta,https://www.linkedin.com/in/lauramattosc/
floyd,"Fusing the chive, onion & sauce into the radish mix",oferta,https://www.linkedin.com/in/lauramattosc/
alain,Pushing in the magnesium,oferta,https://www.linkedin.com/in/lauramattosc/
angel,Showcasing the finished look,oferta,https://www.linkedin.com/in/lauramattosc/
dianne,What to add if not thick enough,oferta,https://www.linkedin.com/in/lauramattosc/
angel,Introduction,oferta,https://www.linkedin.com/in/lauramattosc/
darlene,Pouring in the alcohol,oferta,https://www.linkedin.com/in/lauramattosc/
brittney,Breaking down stove,oferta,https://www.linkedin.com/in/lauramattosc/
faisal,Pouring the sauce over the rolls,oferta,https://www.linkedin.com/in/lauramattosc/
alvin,Intro,oferta,https://www.linkedin.com/in/lauramattosc/
emily,Doing the crossover,oferta,https://www.linkedin.com/in/lauramattosc/
dani,Plating the 2 sauces & mushrooms,oferta,https://www.linkedin.com/in/lauramattosc/
astrid,Adding in leaves,oferta,https://www.linkedin.com/in/lauramattosc/
darlene,Doing the crossover,oferta,https://www.linkedin.com/in/lauramattosc/
dani,Brushing on mascara & adding lashes,oferta,https://www.linkedin.com/in/lauramattosc/
alvin,What to add if not thick enough,oferta,https://www.linkedin.com/in/lauramattosc/
brittney,Baking continues,oferta,https://www.linkedin.com/in/lauramattosc/
eric,Going over the coat hanger with glitter,oferta,https://www.linkedin.com/in/lauramattosc/
dani,Pouring the sauce over the rolls,oferta,https://www.linkedin.com/in/lauramattosc/
bilal,Removing stick from water,oferta,https://www.linkedin.com/in/lauramattosc/
emily,Brushing on mascara & adding lashes,oferta,https://www.linkedin.com/in/lauramattosc/
ernest,Doing the crossover,oferta,https://www.linkedin.com/in/lauramattosc/
ernest,Pouring the sauce over the rolls,oferta,https://www.linkedin.com/in/lauramattosc/
dianne,"Fusing the chive, onion & sauce into the radish mix",oferta,https://www.linkedin.com/in/lauramattosc/
dani,"Taking the side,curling in a loop & pinning",oferta,https://www.linkedin.com/in/lauramattosc/
floyd,Sketching the bow,oferta,https://www.linkedin.com/in/lauramattosc/
bright,Breaking down stove,oferta,https://www.linkedin.com/in/lauramattosc/
astrid,Ingredients for dressing,oferta,https://www.linkedin.com/in/lauramattosc/
emily,Mixing in the sugar,oferta,https://www.linkedin.com/in/lauramattosc/
christa,Removing stick from water,oferta,https://www.linkedin.com/in/lauramattosc/
aidan,Brushing on mascara & adding lashes,oferta,https://www.linkedin.com/in/lauramattosc/
angel,"Taking the side,curling in a loop & pinning",oferta,https://www.linkedin.com/in/lauramattosc/
bilal,Going over the coat hanger with glitter,oferta,https://www.linkedin.com/in/lauramattosc/
bright,"Fusing the chive, onion & sauce into the radish mix",oferta,https://www.linkedin.com/in/lauramattosc/
alain,Going over the coat hanger with glitter,oferta,https://www.linkedin.com/in/lauramattosc/
astrid,Breaking down stove,oferta,https://www.linkedin.com/in/lauramattosc/
floyd,Adding in leaves,oferta,https://www.linkedin.com/in/lauramattosc/
alvin,Brushing on mascara & adding lashes,oferta,https://www.linkedin.com/in/lauramattosc/
floyd,Pouring the sauce over the rolls,oferta,https://www.linkedin.com/in/lauramattosc/
bright,Mixing in the sugar,oferta,https://www.linkedin.com/in/lauramattosc/
cindi,Plating the 2 sauces & mushrooms,oferta,https://www.linkedin.com/in/lauramattosc/
alain,Ingredients for dressing,oferta,https://www.linkedin.com/in/lauramattosc/
alvin,Showcasing the final dish,oferta,https://www.linkedin.com/in/lauramattosc/
emily,Combining ingredients in blender,oferta,https://www.linkedin.com/in/lauramattosc/
angel,Mixing ingredients,oferta,https://www.linkedin.com/in/lauramattosc/
carl,Showcasing the finished look,oferta,https://www.linkedin.com/in/lauramattosc/
astrid,Mixing in the sugar,oferta,https://www.linkedin.com/in/lauramattosc/
dianne,Doing the crossover,oferta,https://www.linkedin.com/in/lauramattosc/
dianne,Mixing ingredients,oferta,https://www.linkedin.com/in/lauramattosc/
elliot,"Fusing the chive, onion & sauce into the radish mix",oferta,https://www.linkedin.com/in/lauramattosc/
ami,Introduction,oferta,https://www.linkedin.com/in/lauramattosc/
astrid,Introduction,oferta,https://www.linkedin.com/in/lauramattosc/
darlene,Sketching the bow,oferta,https://www.linkedin.com/in/lauramattosc/
brooke,Pouring the sauce over the rolls,oferta,https://www.linkedin.com/in/lauramattosc/
brooke,Introduction,oferta,https://www.linkedin.com/in/lauramattosc/
christa,Showcasing the finished look,oferta,https://www.linkedin.com/in/lauramattosc/
dianne,Pouring the sauce over the rolls,oferta,https://www.linkedin.com/in/lauramattosc/
alain,Doing the crossover,oferta,https://www.linkedin.com/in/lauramattosc/
ami,Ingredients for dressing,oferta,https://www.linkedin.com/in/lauramattosc/
brooke,Adding eggs to flour,oferta,https://www.linkedin.com/in/lauramattosc/
brittney,"Taking the side,curling in a loop & pinning",oferta,https://www.linkedin.com/in/lauramattosc/
dani,Showcasing the final dish,oferta,https://www.linkedin.com/in/lauramattosc/
bright,Pouring in the alcohol,oferta,https://www.linkedin.com/in/lauramattosc/
carl,Adding eggs to flour,oferta,https://www.linkedin.com/in/lauramattosc/
dani,Doing the crossover,oferta,https://www.linkedin.com/in/lauramattosc/
emily,Ingredients for dressing,oferta,https://www.linkedin.com/in/lauramattosc/
ernest,What to add if not thick enough,oferta,https://www.linkedin.com/in/lauramattosc/
alvin,Ingredients for dressing,oferta,https://www.linkedin.com/in/lauramattosc/
elliot,Ingredients for dressing,oferta,https://www.linkedin.com/in/lauramattosc/
ernest,Drawing on a curve line,oferta,https://www.linkedin.com/in/lauramattosc/
elliot,Doing the crossover,oferta,https://www.linkedin.com/in/lauramattosc/
brooke,Mixing in the sugar,oferta,https://www.linkedin.com/in/lauramattosc/
brooke,"Fusing the chive, onion & sauce into the radish mix",oferta,https://www.linkedin.com/in/lauramattosc/
chaitanya,Introduction,oferta,https://www.linkedin.com/in/lauramattosc/
ernest,Mixing ingredients,oferta,https://www.linkedin.com/in/lauramattosc/
elliot,Brushing on mascara & adding lashes,oferta,https://www.linkedin.com/in/lauramattosc/
brooke,Ingredients for dressing,oferta,https://www.linkedin.com/in/lauramattosc/
brittney,Adding in leaves,oferta,https://www.linkedin.com/in/lauramattosc/
emily,Sketching the bow,oferta,https://www.linkedin.com/in/lauramattosc/
floyd,Drawing on a curve line,oferta,https://www.linkedin.com/in/lauramattosc/
brittney,Introduction,oferta,https://www.linkedin.com/in/lauramattosc/
chaitanya,Adding eggs to flour,oferta,https://www.linkedin.com/in/lauramattosc/
christa,Sketching the bow,oferta,https://www.linkedin.com/in/lauramattosc/
cindi,Mixing ingredients,oferta,https://www.linkedin.com/in/lauramattosc/
brittney,Plating the 2 sauces & mushrooms,oferta,https://www.linkedin.com/in/lauramattosc/
chaitanya,Breaking down stove,oferta,https://www.linkedin.com/in/lauramattosc/
astrid,"Fusing the chive, onion & sauce into the radish mix",oferta,https://www.linkedin.com/in/lauramattosc/
bilal,Introduction,oferta,https://www.linkedin.com/in/lauramattosc/
alain,Breaking down stove,oferta,https://www.linkedin.com/in/lauramattosc/
dani,Pouring in the alcohol,oferta,https://www.linkedin.com/in/lauramattosc/
carl,"Fusing the chive, onion & sauce into the radish mix",oferta,https://www.linkedin.com/in/lauramattosc/
brooke,Showcasing the final dish,oferta,https://www.linkedin.com/in/lauramattosc/
bilal,Pouring in the alcohol,oferta,https://www.linkedin.com/in/lauramattosc/
alain,Mixing ingredients,oferta,https://www.linkedin.com/in/lauramattosc/
ami,Combining ingredients in blender,oferta,https://www.linkedin.com/in/lauramattosc/
dani,Pushing in the magnesium,oferta,https://www.linkedin.com/in/lauramattosc/
emily,Showcasing the finished look,oferta,https://www.linkedin.com/in/lauramattosc/
chaitanya,Plating the 2 sauces & mushrooms,oferta,https://www.linkedin.com/in/lauramattosc/
alain,Pouring the sauce over the rolls,oferta,https://www.linkedin.com/in/lauramattosc/
darlene,Pouring the sauce over the rolls,oferta,https://www.linkedin.com/in/lauramattosc/
dianne,Baking continues,oferta,https://www.linkedin.com/in/lauramattosc/
aidan,Pushing in the magnesium,oferta,https://www.linkedin.com/in/lauramattosc/
ernest,Ingredients for dressing,oferta,https://www.linkedin.com/in/lauramattosc/
alvin,Plating the 2 sauces & mushrooms,oferta,https://www.linkedin.com/in/lauramattosc/
astrid,Adding eggs to flour,oferta,https://www.linkedin.com/in/lauramattosc/
christophe,What to add if not thick enough,oferta,https://www.linkedin.com/in/lauramattosc/
astrid,Removing stick from water,oferta,https://www.linkedin.com/in/lauramattosc/
alain,Pouring in the alcohol,oferta,https://www.linkedin.com/in/lauramattosc/
floyd,Going over the coat hanger with glitter,oferta,https://www.linkedin.com/in/lauramattosc/
darlene,Showcasing the finished look,oferta,https://www.linkedin.com/in/lauramattosc/
alvin,Showcasing the finished look,oferta,https://www.linkedin.com/in/lauramattosc/
darlene,Going over the coat hanger with glitter,oferta,https://www.linkedin.com/in/lauramattosc/
faisal,Introduction,oferta,https://www.linkedin.com/in/lauramattosc/
floyd,Mixing in the sugar,oferta,https://www.linkedin.com/in/lauramattosc/
dianne,Breaking down stove,oferta,https://www.linkedin.com/in/lauramattosc/
bilal,Drawing on a curve line,oferta,https://www.linkedin.com/in/lauramattosc/
christa,Mixing in the sugar,oferta,https://www.linkedin.com/in/lauramattosc/
astrid,Plating the 2 sauces & mushrooms,oferta,https://www.linkedin.com/in/lauramattosc/
dani,"Fusing the chive, onion & sauce into the radish mix",oferta,https://www.linkedin.com/in/lauramattosc/
christa,Baking continues,oferta,https://www.linkedin.com/in/lauramattosc/
ami,Adding in leaves,oferta,https://www.linkedin.com/in/lauramattosc/
cindi,Removing stick from water,oferta,https://www.linkedin.com/in/lauramattosc/
bright,Going over the coat hanger with glitter,oferta,https://www.linkedin.com/in/lauramattosc/
aidan,Pouring in the alcohol,oferta,https://www.linkedin.com/in/lauramattosc/
cindi,Pushing in the magnesium,oferta,https://www.linkedin.com/in/lauramattosc/
chaitanya,Adding in leaves,oferta,https://www.linkedin.com/in/lauramattosc/
bright,Adding eggs to flour,oferta,https://www.linkedin.com/in/lauramattosc/
ernest,Removing stick from water,oferta,https://www.linkedin.com/in/lauramattosc/
eric,Showcasing the final dish,oferta,https://www.linkedin.com/in/lauramattosc/
dianne,Going over the coat hanger with glitter,oferta,https://www.linkedin.com/in/lauramattosc/
ami,Pouring in the alcohol,oferta,https://www.linkedin.com/in/lauramattosc/
brittney,Pouring in the alcohol,oferta,https://www.linkedin.com/in/lauramattosc/
floyd,Removing stick from water,oferta,https://www.linkedin.com/in/lauramattosc/
dani,Ingredients for dressing,oferta,https://www.linkedin.com/in/lauramattosc/
elliot,Adding in leaves,oferta,https://www.linkedin.com/in/lauramattosc/
darlene,Ingredients for dressing,oferta,https://www.linkedin.com/in/lauramattosc/
faisal,Sketching the bow,oferta,https://www.linkedin.com/in/lauramattosc/
angel,Ingredients for dressing,oferta,https://www.linkedin.com/in/lauramattosc/
elliot,Combining ingredients in blender,oferta,https://www.linkedin.com/in/lauramattosc/
darlene,"Fusing the chive, onion & sauce into the radish mix",oferta,https://www.linkedin.com/in/lauramattosc/
cindi,Intro,oferta,https://www.linkedin.com/in/lauramattosc/
elliot,Sketching the bow,oferta,https://www.linkedin.com/in/lauramattosc/
alvin,Introduction,oferta,https://www.linkedin.com/in/lauramattosc/
aidan,Combining ingredients in blender,oferta,https://www.linkedin.com/in/lauramattosc/
christa,Pouring the sauce over the rolls,oferta,https://www.linkedin.com/in/lauramattosc/
brooke,Sketching the bow,oferta,https://www.linkedin.com/in/lauramattosc/
carl,Mixing ingredients,oferta,https://www.linkedin.com/in/lauramattosc/
brooke,Mixing ingredients,oferta,https://www.linkedin.com/in/lauramattosc/
carl,Intro,oferta,https://www.linkedin.com/in/lauramattosc/
eric,Mixing in the sugar,oferta,https://www.linkedin.com/in/lauramattosc/
carl,Removing stick from water,oferta,https://www.linkedin.com/in/lauramattosc/
dani,Adding eggs to flour,oferta,https://www.linkedin.com/in/lauramattosc/
aidan,Removing stick from water,oferta,https://www.linkedin.com/in/lauramattosc/
brittney,Ingredients for dressing,oferta,https://www.linkedin.com/in/lauramattosc/
floyd,Showcasing the finished look,oferta,https://www.linkedin.com/in/lauramattosc/
carl,Ingredients for dressing,oferta,https://www.linkedin.com/in/lauramattosc/
dianne,Ingredients for dressing,oferta,https://www.linkedin.com/in/lauramattosc/
dianne,Removing stick from water,oferta,https://www.linkedin.com/in/lauramattosc/
carl,Showcasing the final dish,oferta,https://www.linkedin.com/in/lauramattosc/
alvin,Going over the coat hanger with glitter,oferta,https://www.linkedin.com/in/lauramattosc/
emily,Pushing in the magnesium,oferta,https://www.linkedin.com/in/lauramattosc/
faisal,Ingredients for dressing,oferta,https://www.linkedin.com/in/lauramattosc/
ami,Mixing ingredients,oferta,https://www.linkedin.com/in/lauramattosc/
bright,Adding in leaves,oferta,https://www.linkedin.com/in/lauramattosc/
ami,Breaking down stove,oferta,https://www.linkedin.com/in/lauramattosc/
astrid,Going over the coat hanger with glitter,oferta,https://www.linkedin.com/in/lauramattosc/
alvin,Mixing in the sugar,oferta,https://www.linkedin.com/in/lauramattosc/
cindi,Mixing in the sugar,oferta,https://www.linkedin.com/in/lauramattosc/
amit,Ingredients,recebe,https://www.linkedin.com/in/lauramattosc/
anoop,Thickening the batter,recebe,https://www.linkedin.com/in/lauramattosc/
ajit,Intro,recebe,https://www.linkedin.com/in/lauramattosc/
alison,Showcasing the final dish,recebe,https://www.linkedin.com/in/lauramattosc/
amber,Intro,recebe,https://www.linkedin.com/in/lauramattosc/
al,Outro,recebe,https://www.linkedin.com/in/lauramattosc/
akash,Intro,recebe,https://www.linkedin.com/in/lauramattosc/
abhay,Starting with block stamp,recebe,https://www.linkedin.com/in/lauramattosc/
amit,Screwing the adapter,recebe,https://www.linkedin.com/in/lauramattosc/
art,Intro,recebe,https://www.linkedin.com/in/lauramattosc/
aleksandra,Outro,recebe,https://www.linkedin.com/in/lauramattosc/
bart,Intro,recebe,https://www.linkedin.com/in/lauramattosc/
andy,Bringing to a boil,recebe,https://www.linkedin.com/in/lauramattosc/
aleksandra,Showing where to draw,recebe,https://www.linkedin.com/in/lauramattosc/
amir,Intro,recebe,https://www.linkedin.com/in/lauramattosc/
aleksandra,Showcasing the final dish,recebe,https://www.linkedin.com/in/lauramattosc/
antoine,Showing where to draw,recebe,https://www.linkedin.com/in/lauramattosc/
abhijit,Making the coconut sauce,recebe,https://www.linkedin.com/in/lauramattosc/
amir,Explaining freezing,recebe,https://www.linkedin.com/in/lauramattosc/
ankit,Final result,recebe,https://www.linkedin.com/in/lauramattosc/
abhijit,Intro,recebe,https://www.linkedin.com/in/lauramattosc/
anil,Intro,recebe,https://www.linkedin.com/in/lauramattosc/
ashraf,Final result,recebe,https://www.linkedin.com/in/lauramattosc/
amit,Intro,recebe,https://www.linkedin.com/in/lauramattosc/
ashley,Outro,recebe,https://www.linkedin.com/in/lauramattosc/
art,Thickening the batter,recebe,https://www.linkedin.com/in/lauramattosc/
abhay,Showcasing the finished look,recebe,https://www.linkedin.com/in/lauramattosc/
akash,Glittering,recebe,https://www.linkedin.com/in/lauramattosc/
amber,Disconnecting connector,recebe,https://www.linkedin.com/in/lauramattosc/
art,Starting with block stamp,recebe,https://www.linkedin.com/in/lauramattosc/
ana,Showing the rolls,recebe,https://www.linkedin.com/in/lauramattosc/
ashraf,Bringing to a boil,recebe,https://www.linkedin.com/in/lauramattosc/
amit,Attaching larger blocks,recebe,https://www.linkedin.com/in/lauramattosc/
asim,Showcasing the finished look,recebe,https://www.linkedin.com/in/lauramattosc/
al,Intro,recebe,https://www.linkedin.com/in/lauramattosc/
al,Screwing the adapter,recebe,https://www.linkedin.com/in/lauramattosc/
ankit,Starting with block stamp,recebe,https://www.linkedin.com/in/lauramattosc/
abhijit,Thickening the batter,recebe,https://www.linkedin.com/in/lauramattosc/
antoine,Starting with block stamp,recebe,https://www.linkedin.com/in/lauramattosc/
abhay,Intro,recebe,https://www.linkedin.com/in/lauramattosc/
andy,Intro,recebe,https://www.linkedin.com/in/lauramattosc/
alison,Screwing the adapter,recebe,https://www.linkedin.com/in/lauramattosc/
akash,Ingredients,recebe,https://www.linkedin.com/in/lauramattosc/
anoop,Intro,recebe,https://www.linkedin.com/in/lauramattosc/
anoop,Making the coconut sauce,recebe,https://www.linkedin.com/in/lauramattosc/
alison,Showing the rolls,recebe,https://www.linkedin.com/in/lauramattosc/
al,Starting with block stamp,recebe,https://www.linkedin.com/in/lauramattosc/
amir,Final result,recebe,https://www.linkedin.com/in/lauramattosc/
asim,Making the coconut sauce,recebe,https://www.linkedin.com/in/lauramattosc/
ajit,Thickening the batter,recebe,https://www.linkedin.com/in/lauramattosc/
akash,Disconnecting connector,recebe,https://www.linkedin.com/in/lauramattosc/
asim,Explaining freezing,recebe,https://www.linkedin.com/in/lauramattosc/
ashley,Attaching larger blocks,recebe,https://www.linkedin.com/in/lauramattosc/
akash,Bringing to a boil,recebe,https://www.linkedin.com/in/lauramattosc/
abhijit,Showing where to draw,recebe,https://www.linkedin.com/in/lauramattosc/
amber,Combining radish with red powder,recebe,https://www.linkedin.com/in/lauramattosc/
abhay,Ingredients,recebe,https://www.linkedin.com/in/lauramattosc/
amit,Showing the rolls,recebe,https://www.linkedin.com/in/lauramattosc/
ari,Starting with block stamp,recebe,https://www.linkedin.com/in/lauramattosc/
amir,Showing the rolls,recebe,https://www.linkedin.com/in/lauramattosc/
ash,Ingredients,recebe,https://www.linkedin.com/in/lauramattosc/
anil,Showcasing the final dish,recebe,https://www.linkedin.com/in/lauramattosc/
ankit,Intro,recebe,https://www.linkedin.com/in/lauramattosc/
ash,Final result,recebe,https://www.linkedin.com/in/lauramattosc/
abhijit,Bringing to a boil,recebe,https://www.linkedin.com/in/lauramattosc/
andy,Outro,recebe,https://www.linkedin.com/in/lauramattosc/
ankit,Making the coconut sauce,recebe,https://www.linkedin.com/in/lauramattosc/
bart,Explaining freezing,recebe,https://www.linkedin.com/in/lauramattosc/
ari,Outro,recebe,https://www.linkedin.com/in/lauramattosc/
ajit,Showcasing the finished look,recebe,https://www.linkedin.com/in/lauramattosc/
anish,Finishing design,recebe,https://www.linkedin.com/in/lauramattosc/
antoine,Finishing design,recebe,https://www.linkedin.com/in/lauramattosc/
abhijit,Attaching larger blocks,recebe,https://www.linkedin.com/in/lauramattosc/
ashley,Showcasing the final dish,recebe,https://www.linkedin.com/in/lauramattosc/
akash,Outro,recebe,https://www.linkedin.com/in/lauramattosc/
amit,Outro,recebe,https://www.linkedin.com/in/lauramattosc/
amir,Ingredients,recebe,https://www.linkedin.com/in/lauramattosc/
abhay,Showing the rolls,recebe,https://www.linkedin.com/in/lauramattosc/
aleksandra,Starting with block stamp,recebe,https://www.linkedin.com/in/lauramattosc/
ana,Outro,recebe,https://www.linkedin.com/in/lauramattosc/
ari,Disconnecting connector,recebe,https://www.linkedin.com/in/lauramattosc/
amit,Glittering,recebe,https://www.linkedin.com/in/lauramattosc/
ankit,Outro,recebe,https://www.linkedin.com/in/lauramattosc/
ana,Starting with block stamp,recebe,https://www.linkedin.com/in/lauramattosc/
ash,Explaining freezing,recebe,https://www.linkedin.com/in/lauramattosc/
amir,Glittering,recebe,https://www.linkedin.com/in/lauramattosc/
art,Outro,recebe,https://www.linkedin.com/in/lauramattosc/
akash,Combining radish with red powder,recebe,https://www.linkedin.com/in/lauramattosc/
ari,Glittering,recebe,https://www.linkedin.com/in/lauramattosc/
alison,Intro,recebe,https://www.linkedin.com/in/lauramattosc/
ari,Combining radish with red powder,recebe,https://www.linkedin.com/in/lauramattosc/
anil,Showing the rolls,recebe,https://www.linkedin.com/in/lauramattosc/
ash,Making the coconut sauce,recebe,https://www.linkedin.com/in/lauramattosc/
antoine,Attaching larger blocks,recebe,https://www.linkedin.com/in/lauramattosc/
ashraf,Finishing design,recebe,https://www.linkedin.com/in/lauramattosc/
abhay,Disconnecting connector,recebe,https://www.linkedin.com/in/lauramattosc/
amit,Starting with block stamp,recebe,https://www.linkedin.com/in/lauramattosc/
ari,Showcasing the final dish,recebe,https://www.linkedin.com/in/lauramattosc/
al,Ingredients,recebe,https://www.linkedin.com/in/lauramattosc/
abhijit,Showcasing the final dish,recebe,https://www.linkedin.com/in/lauramattosc/
amber,Starting with block stamp,recebe,https://www.linkedin.com/in/lauramattosc/
anish,Screwing the adapter,recebe,https://www.linkedin.com/in/lauramattosc/
anil,Outro,recebe,https://www.linkedin.com/in/lauramattosc/
ari,Showing the rolls,recebe,https://www.linkedin.com/in/lauramattosc/
art,Screwing the adapter,recebe,https://www.linkedin.com/in/lauramattosc/
ari,Final result,recebe,https://www.linkedin.com/in/lauramattosc/
ash,Outro,recebe,https://www.linkedin.com/in/lauramattosc/
amit,Showing where to draw,recebe,https://www.linkedin.com/in/lauramattosc/
aleksandra,Showing the rolls,recebe,https://www.linkedin.com/in/lauramattosc/
amber,Screwing the adapter,recebe,https://www.linkedin.com/in/lauramattosc/
antoine,Intro,recebe,https://www.linkedin.com/in/lauramattosc/
anish,Making the coconut sauce,recebe,https://www.linkedin.com/in/lauramattosc/
ajit,Bringing to a boil,recebe,https://www.linkedin.com/in/lauramattosc/
amir,Bringing to a boil,recebe,https://www.linkedin.com/in/lauramattosc/
anoop,Finishing design,recebe,https://www.linkedin.com/in/lauramattosc/
ashley,Intro,recebe,https://www.linkedin.com/in/lauramattosc/
bart,Ingredients,recebe,https://www.linkedin.com/in/lauramattosc/
ana,Intro,recebe,https://www.linkedin.com/in/lauramattosc/
ajit,Showing the rolls,recebe,https://www.linkedin.com/in/lauramattosc/
aleksandra,Disconnecting connector,recebe,https://www.linkedin.com/in/lauramattosc/
andy,Final result,recebe,https://www.linkedin.com/in/lauramattosc/
ashraf,Thickening the batter,recebe,https://www.linkedin.com/in/lauramattosc/
antoine,Outro,recebe,https://www.linkedin.com/in/lauramattosc/
ana,Disconnecting connector,recebe,https://www.linkedin.com/in/lauramattosc/
art,Ingredients,recebe,https://www.linkedin.com/in/lauramattosc/
ana,Thickening the batter,recebe,https://www.linkedin.com/in/lauramattosc/
antoine,Showcasing the final dish,recebe,https://www.linkedin.com/in/lauramattosc/
bart,Showcasing the final dish,recebe,https://www.linkedin.com/in/lauramattosc/
antoine,Ingredients,recebe,https://www.linkedin.com/in/lauramattosc/
bart,Outro,recebe,https://www.linkedin.com/in/lauramattosc/
bart,Bringing to a boil,recebe,https://www.linkedin.com/in/lauramattosc/
alison,Final result,recebe,https://www.linkedin.com/in/lauramattosc/
anish,Glittering,recebe,https://www.linkedin.com/in/lauramattosc/
ana,Combining radish with red powder,recebe,https://www.linkedin.com/in/lauramattosc/
amit,Finishing design,recebe,https://www.linkedin.com/in/lauramattosc/
ashley,Showcasing the finished look,recebe,https://www.linkedin.com/in/lauramattosc/
abhijit,Final result,recebe,https://www.linkedin.com/in/lauramattosc/
al,Disconnecting connector,recebe,https://www.linkedin.com/in/lauramattosc/
ari,Explaining freezing,recebe,https://www.linkedin.com/in/lauramattosc/
aleksandra,Bringing to a boil,recebe,https://www.linkedin.com/in/lauramattosc/
abhay,Making the coconut sauce,recebe,https://www.linkedin.com/in/lauramattosc/
ajit,Explaining freezing,recebe,https://www.linkedin.com/in/lauramattosc/
ash,Intro,recebe,https://www.linkedin.com/in/lauramattosc/
amir,Finishing design,recebe,https://www.linkedin.com/in/lauramattosc/
abhay,Thickening the batter,recebe,https://www.linkedin.com/in/lauramattosc/
abhijit,Outro,recebe,https://www.linkedin.com/in/lauramattosc/
abhay,Bringing to a boil,recebe,https://www.linkedin.com/in/lauramattosc/
akash,Screwing the adapter,recebe,https://www.linkedin.com/in/lauramattosc/
ari,Attaching larger blocks,recebe,https://www.linkedin.com/in/lauramattosc/
abhijit,Combining radish with red powder,recebe,https://www.linkedin.com/in/lauramattosc/
andy,Disconnecting connector,recebe,https://www.linkedin.com/in/lauramattosc/
akash,Making the coconut sauce,recebe,https://www.linkedin.com/in/lauramattosc/
