PESSOA,TEMA,lado,LINKEDIN
Abidan Henrique da Silva ,São Paulo,oferta,
Abidan Henrique da Silva ,Setor Público Legislativo,oferta,
Abidan Henrique da Silva ,Educação,oferta,
Adauto Modesto Junior,Minas Gerais,oferta,
Adauto Modesto Junior,,oferta,
Adauto Modesto Junior,Setor Público Executivo,oferta,
Aérton Lessa Neto Limeira,Alagoas,oferta,
Aérton Lessa Neto Limeira,Setor Público Executivo,oferta,
Aérton Lessa Neto Limeira,,oferta,
Aérton Lessa Neto Limeira,SUS,oferta,
Alessandro Lucciola Molon,Rio de Janeiro,oferta,
Alessandro Lucciola Molon,Setor Público Legislativo,oferta,
Alan Carvalho Oliveira,São Paulo,oferta,
Alan Carvalho Oliveira,Terceiro Setor,oferta,
Alan Carvalho Oliveira,"Mestrado, Doutorado, MBA, Estudar Fora",oferta,
Alan Carvalho Oliveira,,oferta,
Alex Moreira Roberto,São Paulo,oferta,
Alex Moreira Roberto,Academia/Pesquisa,oferta,
Alex Moreira Roberto,Gestão Escolar,oferta,
Alice dos Santos Gabino ,Terceiro Setor,oferta,
Alice dos Santos Gabino ,Educação,oferta,
Alice dos Santos Gabino ,ESG,oferta,
Alabê Nunjara Silva,Bahia,oferta,
Alabê Nunjara Silva,Academia/Pesquisa,oferta,
Alabê Nunjara Silva,Justiça Social,oferta,
Ana Luisa de Araujo Santos,Rio de Janeiro,oferta,
Ana Luisa de Araujo Santos,Terceiro Setor,oferta,
Ana Luisa de Araujo Santos,Ensino Online,oferta,
Amaral Barbosa de Lima,Educadores em Escolas,oferta,
Amilcar Pereira Cardoso,Maranhão,oferta,
Amilcar Pereira Cardoso,Setor Público Executivo,oferta,
Amilcar Pereira Cardoso,Saúde Mental,oferta,
Amaral Barbosa de Lima,Monitoramento de Aprendizagem,oferta,
Amanda Fenyves Sadalla Costa,São Paulo,oferta,
Amanda Fenyves Sadalla Costa,Terceiro Setor,oferta,
Ana Carolina C D'Agostini,São Paulo,oferta,
Ana Carolina C D'Agostini,Educadores em Escolas,oferta,
Ana Carolina C D'Agostini,"Mestrado, Doutorado, MBA, Estudar Fora",oferta,
Amanda Fenyves Sadalla Costa,Empreendedorismo,oferta,
Ana Paula Romero Manzalli,São Paulo,oferta,
Ana Paula Romero Manzalli,Empreendedorismo Social,oferta,
Ana Paula Romero Manzalli,"Mestrado, Doutorado, MBA, Estudar Fora",oferta,
Alabê Nunjara Silva,Equidade racial,oferta,
Alice Andrés Ribeiro ,São Paulo,oferta,
Ana Paula Pereira,São Paulo,oferta,
Ana Paula Pereira,Terceiro Setor,oferta,
Alice Andrés Ribeiro ,Terceiro Setor,oferta,
Alice Andrés Ribeiro ,Educação,oferta,
Alice Andrés Ribeiro ,Projetos,oferta,
Aline Cristina Pereira dos Santos ,São Paulo,oferta,
Aline Cristina Pereira dos Santos ,Especialista,oferta,
Aline Cristina Pereira dos Santos ,Educação,oferta,
Aline Cristina Pereira dos Santos ,Empreendedorismo,oferta,
Aline Damasceno Ferreira Schleicher,Rio Grande do Norte,oferta,
Aline Damasceno Ferreira Schleicher,Setor Público Executivo,oferta,
Aline Damasceno Ferreira Schleicher,Educação,oferta,
Aline Damasceno Ferreira Schleicher,Negociações,oferta,
Antoine Lousao,Rio de Janeiro,oferta,
Antoine Lousao,Setor Público Executivo,oferta,
Antoine Lousao,Educação,oferta,
Antoine Lousao,Oportunidades Profissionais,oferta,
Arthur Igor Cruz lima,Bahia,oferta,
Arthur Igor Cruz lima,Empreendedorismo Social,oferta,
Arthur Igor Cruz lima,Saúde,oferta,
Arthur Igor Cruz lima,Saúde Mental ,oferta,
Beatriz Alqueres,Rio de Janeiro,oferta,
Beatriz Alqueres,Terceiro Setor,oferta,
Beatriz Alqueres,Educação,oferta,
Beatriz Alqueres,Maternidade,oferta,
Bruno Carlesso Betat,São Paulo,oferta,
Bruno Carlesso Betat,Terceiro Setor,oferta,
Bruno Carlesso Betat,Educação,oferta,
Cainã Perri de Souza,São Paulo,oferta,
Cainã Perri de Souza,Terceiro Setor,oferta,
Cainã Perri de Souza,Educação,oferta,
Cainã Perri de Souza,Formação de Educadores,oferta,
Caio Cesar Machado da Cunha,São Paulo,oferta,
Caio Cesar Machado da Cunha,Setor Público Legislativo,oferta,
Caio Cesar Machado da Cunha,Desenvolvimento Econômico,oferta,
Caio Cesar Machado da Cunha,Gestão de Pessoas,oferta,
Caio de Oliveira Callegari,São Paulo,oferta,
Caio de Oliveira Callegari,Setor Público Executivo,oferta,
Caio de Oliveira Callegari,Educação,oferta,
Caio de Oliveira Callegari,Captação de Recursos ,oferta,
Camila Argolo Godinho,Sergipe,oferta,
Camila Argolo Godinho,Setor Público Legislativo,oferta,
Camila Argolo Godinho,Desenvolvimento Social,oferta,
Camila Argolo Godinho,Projetos,oferta,
Carla Christine Chiamareli,São Paulo,oferta,
Carla Christine Chiamareli,Terceiro Setor,oferta,
Carla Christine Chiamareli,Educação,oferta,
Carla Christine Chiamareli,Educação Profissional,oferta,
Carolina ilidia Soares de Faria ,São Paulo,oferta,
Carolina ilidia Soares de Faria ,Terceiro Setor,oferta,
Carolina ilidia Soares de Faria ,Educação,oferta,
Carolina ilidia Soares de Faria ,Relações Governamentais,oferta,
Cibele Franzese ,São Paulo,oferta,
Cibele Franzese ,Academia/Pesquisa,oferta,
Cibele Franzese ,,oferta,
Cibele Franzese ,"Mestrado, Doutorado, MBA, Estudar Fora",oferta,
Cléa Maria da Silva Ferreira ,Bahia,oferta,
Cléa Maria da Silva Ferreira ,Terceiro Setor,oferta,
Cléa Maria da Silva Ferreira ,Educação,oferta,
Cléa Maria da Silva Ferreira ,Formação de Educadores,oferta,
Daienne Amaral Machado,Distrito Federal,oferta,
Daienne Amaral Machado,Academia/Pesquisa,oferta,
Daienne Amaral Machado,Educação,oferta,
Daienne Amaral Machado,Evidências na Gestão Pública,oferta,
Danilo Ferreira Almeida Farias ,Bahia,oferta,
Danilo Ferreira Almeida Farias ,Academia/Pesquisa,oferta,
Danilo Ferreira Almeida Farias ,Justiça Social,oferta,
Danilo Ferreira Almeida Farias ,ESG,oferta,
Danilo Moura,São Paulo,oferta,
Danilo Moura,Organismo Multilateral/Internacional,oferta,
Danilo Moura,Desenvolvimento Social,oferta,
Denis Tavares Simoes,Distrito Federal,oferta,
Denis Tavares Simoes,Setor Público Executivo,oferta,
Denis Tavares Simoes,Desenvolvimento Econômico,oferta,
Denis Tavares Simoes,Educação Financeira,oferta,
Domingos Sávio Alcântara Machado ,Sergipe,oferta,
Domingos Sávio Alcântara Machado ,Academia/Pesquisa,oferta,
Domingos Sávio Alcântara Machado ,Educação,oferta,
Domingos Sávio Alcântara Machado ,Inovação,oferta,
Duarte Jr,Maranhão,oferta,
Duarte Jr,Setor Público Legislativo,oferta,
Duarte Jr,Educação,oferta,
Duarte Jr,Causa Animal,oferta,
Edelves Rosa Luna,Minas Gerais,oferta,
Edelves Rosa Luna,Educadores em Escolas,oferta,
Edelves Rosa Luna,Educação,oferta,
Edelves Rosa Luna,Gestão de Pessoas,oferta,
Eduardo Spanó Junqueira de Paiva,São Paulo,oferta,
Eduardo Spanó Junqueira de Paiva,Setor Público Executivo,oferta,
Eduardo Spanó Junqueira de Paiva,Desenvolvimento Econômico,oferta,
Eduardo Spanó Junqueira de Paiva,Compras Públicas,oferta,
Elisa Adler ,Rio de Janeiro,oferta,
Elisa Adler ,Terceiro Setor,oferta,
Elisa Adler ,Educação,oferta,
Elisa Adler ,Desenvolvimento de Lideranças,oferta,
Eliton Meireles de Moura,São Paulo,oferta,
Eliton Meireles de Moura,Empreendedorismo Social,oferta,
Eliton Meireles de Moura,Educação,oferta,
Eliton Meireles de Moura,Educação Maker,oferta,
Erica Butow,São Paulo,oferta,
Erica Butow,Terceiro Setor,oferta,
Erica Butow,Educação,oferta,
Erica Butow,Desenvolvimento de Lideranças,oferta,
Fernando Amaral Carnaúba,New York,oferta,
Fernando Amaral Carnaúba,Terceiro Setor,oferta,
Fernando Amaral Carnaúba,Educação,oferta,
Fernando Amaral Carnaúba,"Mestrado, Doutorado, MBA, Estudar Fora",oferta,
Filomena Siqueira e Silva,São Paulo,oferta,
Filomena Siqueira e Silva,Terceiro Setor,oferta,
Filomena Siqueira e Silva,Educação,oferta,
Filomena Siqueira e Silva,Dados e Conhecimento,oferta,
Francisco de Moura Cândido ,Acre,oferta,
Francisco de Moura Cândido ,Academia/Pesquisa,oferta,
Francisco de Moura Cândido ,Meio Ambiente/Sustentabilidade,oferta,
Francisco de Moura Cândido ,Diálogos Indígenas,oferta,
Francisco Jucelio dos Santos,Ceará,oferta,
Francisco Jucelio dos Santos,Setor Público Executivo,oferta,
Francisco Jucelio dos Santos,Educação,oferta,
Francisco Jucelio dos Santos,Gestão Escolar,oferta,
Frederico da Costa Amancio,Pernambuco,oferta,
Frederico da Costa Amancio,Setor Público Executivo,oferta,
Frederico da Costa Amancio,Gestão Pública,oferta,
Gerson Rodrigues de farias Ribeiro ,Pernambuco,oferta,
Gerson Rodrigues de farias Ribeiro ,Empreendedorismo Social,oferta,
Gerson Rodrigues de farias Ribeiro ,Educação,oferta,
Gerson Rodrigues de farias Ribeiro ,Inteligência Artificial ,oferta,
Geyce Fernanda Ferreira,Amazonas,oferta,
Geyce Fernanda Ferreira,Empreendedorismo Social,oferta,
Geyce Fernanda Ferreira,Desenvolvimento Social,oferta,
Geyce Fernanda Ferreira,ESG,oferta,
Giowana Cambrone Araujo,Rio de Janeiro,oferta,
Giowana Cambrone Araujo,Empreendedorismo Social,oferta,
Giowana Cambrone Araujo,Justiça Social,oferta,
Giowana Cambrone Araujo,LGBTQIAP+,oferta,
Girleno Menezes Barbosa ,Amazonas,oferta,
Girleno Menezes Barbosa ,Terceiro Setor,oferta,
Girleno Menezes Barbosa ,Educação,oferta,
Girleno Menezes Barbosa ,Projetos,oferta,
Guilherme Lichand,Academia/Pesquisa,oferta,
Guilherme Lichand,Educação,oferta,
Guilherme Lichand,Recomposição de Aprendizagem,oferta,
Gustavo De Biase Nunes da Rocha,Distrito Federal,oferta,
Gustavo De Biase Nunes da Rocha,Setor Público Legislativo,oferta,
Gustavo De Biase Nunes da Rocha,Meio Ambiente/Sustentabilidade,oferta,
Gustavo De Biase Nunes da Rocha,Campanhas Eleitorais,oferta,
helena velloso,California,oferta,
helena velloso,Academia/Pesquisa,oferta,
helena velloso,Educação,oferta,
Iago Bueno Bojczuk Camargo,São Paulo,oferta,
Iago Bueno Bojczuk Camargo,Organismo Multilateral/Internacional,oferta,
Iago Bueno Bojczuk Camargo,Infraestrutura,oferta,
Iago Bueno Bojczuk Camargo,"Mestrado, Doutorado, MBA, Estudar Fora",oferta,
Iara Souza Vicente ,São Paulo,oferta,
Iara Souza Vicente ,Empreendedorismo Social,oferta,
Iara Souza Vicente ,Meio Ambiente/Sustentabilidade,oferta,
Iara Souza Vicente ,WEB3,oferta,
ilana kabacznik luongo kapah ,Amapá,oferta,
ilana kabacznik luongo kapah ,Academia/Pesquisa,oferta,
ilana kabacznik luongo kapah ,Justiça Social,oferta,
Immaculada Lopez Prieto ,Rio de Janeiro,oferta,
Immaculada Lopez Prieto ,Organismo Multilateral/Internacional,oferta,
Immaculada Lopez Prieto ,Justiça Social,oferta,
Immaculada Lopez Prieto ,Primeira Infância,oferta,
Irapuã Santana do Nascimento da Silva,São Paulo,oferta,
Irapuã Santana do Nascimento da Silva,Especialista,oferta,
Irapuã Santana do Nascimento da Silva,Justiça Social,oferta,
Irapuã Santana do Nascimento da Silva,Antirracismo,oferta,
Isabela Rahal Rodas Messias,Distrito Federal,oferta,
Isabela Rahal Rodas Messias,Setor Público Legislativo,oferta,
Isabela Rahal Rodas Messias,Desenvolvimento Social,oferta,
Izabel Soares de Souza ,São Paulo,oferta,
Izabel Soares de Souza ,Educadores em Escolas,oferta,
Izabel Soares de Souza ,Educação,oferta,
Izabel Soares de Souza ,Gestão Escolar,oferta,
Izabela Aparecida de Souza,São Paulo,oferta,
Izabela Aparecida de Souza,Setor Privado,oferta,
Izabela Aparecida de Souza,Educação,oferta,
Izabela Aparecida de Souza,"Mestrado, Doutorado, MBA, Estudar Fora",oferta,
Janiele Damiane de Paula,Minas Gerais,oferta,
Janiele Damiane de Paula,Terceiro Setor,oferta,
Janiele Damiane de Paula,Gestão Pública,oferta,
Janiele Damiane de Paula,Estratégias de Comunicação e Marca Pessoal,oferta,
Jayse Antonio da Silva Ferreira ,Paraíba,oferta,
Jayse Antonio da Silva Ferreira ,Educadores em Escolas,oferta,
Jayse Antonio da Silva Ferreira ,Educação,oferta,
Jayse Antonio da Silva Ferreira ,Abordagens pedagógicas / Sala de Aula,oferta,
Jefferson Santos da Silva,São Paulo,oferta,
Jefferson Santos da Silva,Setor Público Legislativo,oferta,
Jefferson Santos da Silva,Desenvolvimento Social,oferta,
Jefferson Santos da Silva,Campanhas eleitorais,oferta,
Joao Braga Leal,Rio de Janeiro,oferta,
Joao Braga Leal,Empreendedorismo Social,oferta,
Joao Braga Leal,Educação,oferta,
Joao Braga Leal,EdTechs,oferta,
joão francisco araujo maria,Distrito Federal,oferta,
joão francisco araujo maria,Setor Público Executivo,oferta,
joão francisco araujo maria,Desenvolvimento Social,oferta,
Joao Paulo Cossi Fernandes,Distrito Federal,oferta,
Joao Paulo Cossi Fernandes,Organismo Multilateral/Internacional,oferta,
Joao Paulo Cossi Fernandes,Educação,oferta,
Joao Victor Freitas Ferreira,Maranhão,oferta,
Joao Victor Freitas Ferreira,Setor Privado,oferta,
Joao Victor Freitas Ferreira,Gestão Pública,oferta,
Joao Victor Freitas Ferreira,Marketing Digital / Redes Sociais / Mídias Digitais,oferta,
Josimo da Costa Constant,Acre,oferta,
Josimo da Costa Constant,Academia/Pesquisa,oferta,
Josimo da Costa Constant,Saúde,oferta,
Josimo da Costa Constant,Diálogos Indígenas,oferta,
Juliana Augusto Cardoso ,São Paulo,oferta,
Juliana Augusto Cardoso ,Setor Público Executivo,oferta,
Juliana Augusto Cardoso ,Desenvolvimento Econômico,oferta,
Juliana Augusto Cardoso ,Estratégias de Comunicação e Marca Pessoal,oferta,
Julio Alfredo Moreira Sousa Junior,Goiás,oferta,
Julio Alfredo Moreira Sousa Junior,Empreendedorismo Social,oferta,
Julio Alfredo Moreira Sousa Junior,Educação,oferta,
Julio Alfredo Moreira Sousa Junior,Marketing Digital / Redes Sociais / Mídias Digitais,oferta,
Jussara de Luna Batista ,Ceará,oferta,
Jussara de Luna Batista ,Setor Público Executivo,oferta,
Jussara de Luna Batista ,Educação,oferta,
Jussara de Luna Batista ,Educação Profissional,oferta,
Katia Cristina Stocco Smole,São Paulo,oferta,
Katia Cristina Stocco Smole,Terceiro Setor,oferta,
Katia Cristina Stocco Smole,Educação,oferta,
Katia Cristina Stocco Smole,Recomposição de Aprendizagem,oferta,
Keila Visconti de Sousa Andriolo,São Paulo,oferta,
Keila Visconti de Sousa Andriolo,Empreendedorismo Social,oferta,
Keila Visconti de Sousa Andriolo,Educação,oferta,
Keila Visconti de Sousa Andriolo,Tecnologia,oferta,
Ladjane Karla Torres Lima,Pernambuco,oferta,
Ladjane Karla Torres Lima,Terceiro Setor,oferta,
Ladjane Karla Torres Lima,Educação,oferta,
Ladjane Karla Torres Lima,Juventude,oferta,
Laura Krolikowski Sanchez Oller,São Paulo,oferta,
Laura Krolikowski Sanchez Oller,Organismo Multilateral/Internacional,oferta,
Laura Krolikowski Sanchez Oller,Desenvolvimento Econômico,oferta,
Laura Krolikowski Sanchez Oller,Lideranças Setor Público,oferta,
Lemaestro ,São Paulo,oferta,
Lemaestro ,Terceiro Setor,oferta,
Lemaestro ,Educação,oferta,
Lemaestro ,Inovação,oferta,
Lia Glaz,São Paulo,oferta,
Lia Glaz,Terceiro Setor,oferta,
Lia Glaz,Educação,oferta,
Lívia Maria Macedo,Academia/Pesquisa,oferta,
Lívia Maria Macedo,Educação,oferta,
Lívia Maria Macedo,"Mestrado, Doutorado, MBA, Estudar Fora",oferta,
Lucas Vinicius de oliveira lima ,Rio de Janeiro,oferta,
Lucas Vinicius de oliveira lima ,Empreendedorismo Social,oferta,
Lucas Vinicius de oliveira lima ,Educação,oferta,
Lucas Vinicius de oliveira lima ,Startups,oferta,
Luciana Paes Elmais,São Paulo,oferta,
Luciana Paes Elmais,Empreendedorismo Social,oferta,
Luciana Paes Elmais,Gestão Pública,oferta,
Luciana Paes Elmais,Oportunidades Profissionais,oferta,
Lucy Goes da Purificação ,Bahia,oferta,
Lucy Goes da Purificação ,Setor Público Executivo,oferta,
Lucy Goes da Purificação ,Justiça Social,oferta,
Lucy Goes da Purificação ,Equidade Racial,oferta,
Manoela Vilela Araújo Resende,Distrito Federal,oferta,
Manoela Vilela Araújo Resende,Setor Público Executivo,oferta,
Manoela Vilela Araújo Resende,Educação,oferta,
Manoela Vilela Araújo Resende,MEC,oferta,
Marcelo Granja Nunes,São Paulo,oferta,
Marcelo Granja Nunes,Terceiro Setor,oferta,
Marcelo Granja Nunes,Gestão Pública,oferta,
Marcelo Granja Nunes,Dados e Conhecimento,oferta,
Márcia Rejane Martins da Silva Brito,Goiás,oferta,
Márcia Rejane Martins da Silva Brito,Setor Público Executivo,oferta,
Márcia Rejane Martins da Silva Brito,Educação,oferta,
Márcia Rejane Martins da Silva Brito,Gestão Escolar,oferta,
Marcio Ferreira de Araujo Junior,São Paulo,oferta,
Marcio Ferreira de Araujo Junior,Terceiro Setor,oferta,
Marcio Ferreira de Araujo Junior,Justiça Social,oferta,
Marco Antonio Siqueira Camargo,São Paulo,oferta,
Marco Antonio Siqueira Camargo,Terceiro Setor,oferta,
Marco Antonio Siqueira Camargo,Gestão Pública,oferta,
Marco Antonio Siqueira Camargo,Gestão de Pessoas,oferta,
Marcos Pereira da Soledade Jr,São Paulo,oferta,
Marcos Pereira da Soledade Jr,Empreendedorismo Social,oferta,
Marcos Pereira da Soledade Jr,Educação,oferta,
Marcos Pereira da Soledade Jr,Mandarim / Coreano,oferta,
Maria Angela Hernandez Ortiz,São Paulo,oferta,
Maria Angela Hernandez Ortiz,Empreendedorismo Social,oferta,
Maria Angela Hernandez Ortiz,Educação,oferta,
Maria Angela Hernandez Ortiz,Aprendizagem Ativa,oferta,
Maria Carolina Paseto ,São Paulo,oferta,
Maria Carolina Paseto ,Terceiro Setor,oferta,
Maria Carolina Paseto ,Educação,oferta,
Maria Carolina Paseto ,Secretarias,oferta,
Maria Helena Fonseca Marin ,São Paulo,oferta,
Maria Helena Fonseca Marin ,Terceiro Setor,oferta,
Maria Helena Fonseca Marin ,Educação,oferta,
Maria Helena Fonseca Marin ,Relações Humanas,oferta,
Maria Martinez Calazans Rodrigues,Massachusetts,oferta,
Maria Martinez Calazans Rodrigues,Setor Privado,oferta,
Maria Martinez Calazans Rodrigues,Desenvolvimento Social,oferta,
Maria Martinez Calazans Rodrigues,Políticas Públicas,oferta,
Maria Paula Vieira Cicogna Abreu,São Paulo,oferta,
Maria Paula Vieira Cicogna Abreu,Academia/Pesquisa,oferta,
Maria Paula Vieira Cicogna Abreu,Desenvolvimento Econômico,oferta,
marina amadeu batista bragante,São Paulo,oferta,
marina amadeu batista bragante,Setor Público Executivo,oferta,
marina amadeu batista bragante,Desenvolvimento Social,oferta,
marina amadeu batista bragante,Mulheres na Política,oferta,
Marina Lafer,Rio de Janeiro,oferta,
Marina Lafer,Academia/Pesquisa,oferta,
Marina Lafer,Gestão Pública,oferta,
Marina Lafer,"Mestrado, Doutorado, MBA, Estudar Fora",oferta,
Maxwill Michel Santos Araujo Braga,Paraná,oferta,
Maxwill Michel Santos Araujo Braga,Empreendedorismo Social,oferta,
Maxwill Michel Santos Araujo Braga,Educação,oferta,
Maxwill Michel Santos Araujo Braga,Arte,oferta,
"Michelle ""Mi"" Medrado",California,oferta,
"Michelle ""Mi"" Medrado",Academia/Pesquisa,oferta,
"Michelle ""Mi"" Medrado",Desenvolvimento Econômico,oferta,
"Michelle ""Mi"" Medrado",Publicações,oferta,
Nina Rentel Scheilga,São Paulo,oferta,
Nina Rentel Scheilga,oferta,oferta,
Nina Rentel Scheilga,Desenvolvimento Social,oferta,
Nina Rentel Scheilga,Inovação,oferta,
Pedro Henrique Batista Ribeiro ,São Paulo,oferta,
Pedro Henrique Batista Ribeiro ,Empreendedorismo Social,oferta,
Pedro Henrique Batista Ribeiro ,Educação,oferta,
Pedro Henrique Batista Ribeiro ,Música,oferta,
Pedro Ivo Santana Borges de Lima ,Distrito Federal,oferta,
Pedro Ivo Santana Borges de Lima ,Setor Público Legislativo,oferta,
Pedro Ivo Santana Borges de Lima ,Gestão Pública,oferta,
Raimundo Otávio da Mota,Ceará,oferta,
Raimundo Otávio da Mota,Setor Público Executivo,oferta,
Raimundo Otávio da Mota,Educação,oferta,
Raimundo Otávio da Mota,Recomposição de Aprendizagem,oferta,
Raquel Lima Alves Babolin ,Goiás,oferta,
Raquel Lima Alves Babolin ,Educadores em Escolas,oferta,
Raquel Lima Alves Babolin ,Educação,oferta,
roger friedrich werner koeppl,São Paulo,oferta,
roger friedrich werner koeppl,Empreendedorismo Social,oferta,
roger friedrich werner koeppl,Meio Ambiente/Sustentabilidade,oferta,
Ronaldo Tenório de Freitas,Alagoas,oferta,
Ronaldo Tenório de Freitas,Empreendedorismo Social,oferta,
Samuel Emilio Melo,São Paulo,oferta,
Samuel Emilio Melo,Setor Público Legislativo,oferta,
Samuel Emilio Melo,Justiça Social,oferta,
Samuel Emilio Melo,Oportunidades Profissionais,oferta,
Sergio luiz Víctor Júnior ,São Paulo,oferta,
Sergio luiz Víctor Júnior ,Setor Público Legislativo,oferta,
Sergio luiz Víctor Júnior ,Desenvolvimento Econômico,oferta,
Sergio luiz Víctor Júnior ,Gestão Pública,oferta,
Sérgio Nogueira Seabra,Distrito Federal,oferta,
Sérgio Nogueira Seabra,Setor Público Executivo,oferta,
Sérgio Nogueira Seabra,Desenvolvimento Social,oferta,
Sérgio Nogueira Seabra,Anticorrupção,oferta,
Solange Macedo Lima,Minas Gerais,oferta,
Solange Macedo Lima,Empreendedorismo Social,oferta,
Solange Macedo Lima,Educação,oferta,
Solange Macedo Lima,Homeschooling,oferta,
Sonia Regina Guaraldo,São Paulo,oferta,
Sonia Regina Guaraldo,Terceiro Setor,oferta,
Sonia Regina Guaraldo,Educação,oferta,
Stefanie Henking Eskereski ,Rio Grande do Sul,oferta,
Stefanie Henking Eskereski ,Setor Público Executivo,oferta,
Stefanie Henking Eskereski ,Gestão Pública,oferta,
Stefanie Henking Eskereski ,Recomposição de Aprendizagem,oferta,
Sueli Lima Nunes ,Pernambuco,oferta,
Sueli Lima Nunes ,Terceiro Setor,oferta,
Sueli Lima Nunes ,Educação,oferta,
Sueli Lima Nunes ,Antirracismo,oferta,
Tacio Éden Azevedo Lobo,Bahia,oferta,
Tacio Éden Azevedo Lobo,Setor Privado,oferta,
Tacio Éden Azevedo Lobo,Educação,oferta,
Tacio Éden Azevedo Lobo,Gestão de Stakeholders,oferta,
Taisa Nunes Barros,São Paulo,oferta,
Taisa Nunes Barros,Setor Privado,oferta,
Taisa Nunes Barros,Educação,oferta,
Tâmara Barros de Andrade ,São Paulo,oferta,
Tâmara Barros de Andrade ,Setor Privado,oferta,
Tâmara Barros de Andrade ,Educação,oferta,
Teresa Cozetti Pontual Pereira,Rio de Janeiro,oferta,
Teresa Cozetti Pontual Pereira,Setor Público Executivo,oferta,
Teresa Cozetti Pontual Pereira,Educação,oferta,
Teresa Cozetti Pontual Pereira,Avaliações de Impacto,oferta,
Thales Luan Pereira Dias,Minas Gerais,oferta,
Thales Luan Pereira Dias,Setor Público Executivo,oferta,
Thales Luan Pereira Dias,Desenvolvimento Econômico,oferta,
Thales Luan Pereira Dias,Startups,oferta,
Thiago  Rocha de Paula,São Paulo,oferta,
Thiago  Rocha de Paula,Setor Público Executivo,oferta,
Thiago  Rocha de Paula,Educação,oferta,
Thiago  Rocha de Paula,Estratégias de Comunicação e Marca Pessoal,oferta,
Thiago Freire Feijão Moreira,São Paulo,oferta,
Thiago Freire Feijão Moreira,Empreendedorismo Social,oferta,
Thiago Freire Feijão Moreira,Educação,oferta,
Thiago Freire Feijão Moreira,Startups,oferta,
Thiago Miquel Lamelo,Massachusetts,oferta,
Thiago Miquel Lamelo,Setor Privado,oferta,
Thiago Miquel Lamelo,Educação,oferta,
Thiago Rached,São Paulo,oferta,
Thiago Rached,Empreendedorismo Social,oferta,
Thiago Rached,Educação,oferta,
Thiago Rached,Oportunidades Profissionais,oferta,
Tiago Cortinaz da Silva,Distrito Federal,oferta,
Tiago Cortinaz da Silva,Setor Público Executivo,oferta,
Tiago Cortinaz da Silva,Educação,oferta,
Tiago de Faveri Giusti,Empreendedorismo Social,oferta,
Tiago de Faveri Giusti,Educação,oferta,
Tiago de Faveri Giusti,Gestão Escolar,oferta,
Tiago Lima Mitraud de Castro Leite,Minas Gerais,oferta,
Tiago Lima Mitraud de Castro Leite,Setor Público Legislativo,oferta,
Tiago Lima Mitraud de Castro Leite,Gestão Pública,oferta,
Ursula Vidal Santiago de Mendonça  ,Pará,oferta,
Ursula Vidal Santiago de Mendonça  ,Setor Público Executivo,oferta,
Ursula Vidal Santiago de Mendonça  ,Desenvolvimento Social,oferta,
Ursula Vidal Santiago de Mendonça  ,Gabinete de crise,oferta,
Vinicius Mendes Marcilio,Rio de Janeiro,oferta,
Vinicius Mendes Marcilio,Setor Privado,oferta,
Vinicius Mendes Marcilio,Desenvolvimento Econômico,oferta,
Vitelio Marcos Brustolin,Massachusetts,oferta,
Vitelio Marcos Brustolin,Academia/Pesquisa,oferta,
Vitelio Marcos Brustolin,Desenvolvimento Econômico,oferta,
Vitelio Marcos Brustolin,"Mestrado, Doutorado, MBA, Estudar Fora",oferta,
Viviani Barnabe,São Paulo,oferta,
Viviani Barnabe,Academia/Pesquisa,oferta,
Viviani Barnabe,Saúde,oferta,
Viviani Barnabe,Metodologia Ativa (PBL),oferta,
Abidan Henrique da Silva,,recebe,
Adauto Modesto Junior,Equidade Racial,recebe,
Aérton Lessa Neto Limeira,Inteligência Artificial,recebe,
Alabê Nunjara Silva,Captação de Recursos,recebe,
Alan Carvalho Oliveira,Mestrado, Doutorado, MBA, Estudar Fora,recebe,
Alessandro Lucciola Molon,,recebe,
Alessandro Vieira,Mestrado, Doutorado, MBA, Estudar Fora,recebe,
Alex Moreira Roberto,Dados e Conhecimento,recebe,
Alice Andrés Ribeiro,,recebe,
Alice dos Santos Gabino,Inglês,recebe,
Aline Cristina Pereira dos Santos,Empreendedorismo,recebe,
ALINE DAMASCENO FERREIRA SCHLEICHER,,recebe,
Amanda Fenyves Sadalla Costa,Relações Humanas,recebe,
Amaral Barbosa de Lima,Desenvolvimento de Lideranças,recebe,
Amilcar Pereira Cardoso,Estratégias de Comunicação e Marca Pessoal,recebe,
Ana Carolina C D'Agostini,Empreendedorismo,recebe,
Ana Luisa de Araujo Santos,Conectividade,recebe,
Ana Paula Pereira,Estratégias de Comunicação e Marca Pessoal,recebe,
Ana Paula Romero Manzalli,Mestrado, Doutorado, MBA, Estudar Fora,recebe,
Anamaíra Pereira Spaggiari Souza,,recebe,
Anderson Soares Furtado Oliveira,Captação de Recursos,recebe,
André Lopes G Cardone,,recebe,
André Luís Alice Raabe,Ensino Médio,recebe,
André Silva,,recebe,
Anelize Lenzi Ruas de Almeida,Mestrado, Doutorado, MBA, Estudar Fora,recebe,
Angelo Luiz Viana Santos,Antirracismo,recebe,
Anna Funaro Mortara,Avaliações de Impacto,recebe,
Antoine Lousao,Oportunidades Profissionais,recebe,
Arthur Aguillar,Empreendedorismo,recebe,
Arthur Igor Cruz lima,Mestrado, Doutorado, MBA, Estudar Fora,recebe,
BEATRIZ ALQUERES,,recebe,
Beatriz Azevedo de Araujo,Mulheres na Política,recebe,
Beatriz Silva da Costa,Estratégias de Comunicação e Marca Pessoal,recebe,
Beatriz Vasconcellos de Araujo,Música,recebe,
Bruno Barbosa de Luna,Mestrado, Doutorado, MBA, Estudar Fora,recebe,
Bruno Carlesso Betat,,recebe,
Bruno da Cruz Carneiro,WEB3,recebe,
Bruno Ikeuti,Mestrado, Doutorado, MBA, Estudar Fora,recebe,
Bruno Schettini Gonçalves,Publicações,recebe,
Caetano Pansani Siqueira,,recebe,
Cainã Perri de Souza,Carreira / Transição de Carreira,recebe,
Caio Cesar Machado da Cunha,Gestão Pública,recebe,
Caio de Oliveira Callegari,Mestrado, Doutorado, MBA, Estudar Fora,recebe,
CAMILA ARGOLO GODINHO,Projetos / Parcerias,recebe,
Carla Christine Chiamareli,,recebe,
CARLOS ALBERTO CHIODINI,Políticas Públicas,recebe,
Carlos Eduardo Brito Lira,,recebe,
Carlos Gomes da Costa Souza,Oportunidades Profissionais,recebe,
Carlos Henrique Uehara,Empreendedorismo,recebe,
Carolina de Mattos Ricardo,Relações Humanas,recebe,
Carolina de Oliveira Campos,Empreendedorismo,recebe,
Carolina ilidia Soares de Faria,Lideranças Setor Público,recebe,
Carolina Morais Araujo,Oportunidades Profissionais,recebe,
Caroline Tavares da Silva,ESG,recebe,
Cauê Gasparotto Bueno,Mestrado, Doutorado, MBA, Estudar Fora,recebe,
Cecilia Cortez da Cunha Cruz,Lideranças Setor Público,recebe,
César Natalio de Freitas Filho,Mestrado, Doutorado, MBA, Estudar Fora,recebe,
Cibele Franzese,Mestrado, Doutorado, MBA, Estudar Fora,recebe,
Claudia Zuppini Dalcorso,Inglês,recebe,
Cléa Maria da Silva Ferreira,Inglês,recebe,
Cristina Kiomi Mori,,recebe,
Cristina Lopes Afonso,,recebe,
Daienne Amaral Machado,Mestrado, Doutorado, MBA, Estudar Fora,recebe,
Damione Damito Sanches Sigalas Dameão da Silva,Mestrado, Doutorado, MBA, Estudar Fora,recebe,
Daniel Barros,Projetos / Parcerias,recebe,
Daniela Natasha Mendes Arai,Mestrado, Doutorado, MBA, Estudar Fora,recebe,
Danielle Montenegro Melo,Mestrado, Doutorado, MBA, Estudar Fora,recebe,
Danilo Fernandes Lima da Silva,,recebe,
Danilo Ferreira Almeida Farias,Projetos / Parcerias,recebe,
Danilo Moura,,recebe,
DARKSON VIEIRA MACHADO,Mestrado, Doutorado, MBA, Estudar Fora,recebe,
David Soeiro Barbosa,Marketing Digital / Redes Sociais / Mídias Digitais,recebe,
Deborah Lins Rufino Lourenço,Relações Humanas,recebe,
Denis Tavares Simoes,,recebe,
Diego Calegari,Oportunidades Profissionais,recebe,
Diego Folly de Andrade,Carreira / Transição de Carreira,recebe,
Domingos Sávio Alcântara Machado,Inovação,recebe,
Duarte Jr,,recebe,
EDELVES ROSA LUNA,Oportunidades Profissionais,recebe,
Eduardo Spanó Junqueira de Paiva,ESG,recebe,
Eduardo Valladares,Mestrado, Doutorado, MBA, Estudar Fora,recebe,
Eizen Monteiro Wanderley,Relações Humanas,recebe,
Elisa Adler,,recebe,
Elisa de Rooij Mansur,Primeira Infância,recebe,
Eliton Meireles de Moura,Esportes,recebe,
Ellen da Silva,Evidências na Gestão Pública,recebe,
Erica Butow,Oportunidades Profissionais,recebe,
Eziquiel Menta,Mestrado, Doutorado, MBA, Estudar Fora,recebe,
Fabio Sola Bittar,,recebe,
Fabricio Bonecini de Almeida,Lideranças Setor Público,recebe,
Felipe de Azevedo Silva Ribeiro,Dados e Conhecimento,recebe,
Felipe Marinho da Rocha,Inteligência Artificial,recebe,
Felipe Michel Santos Araújo Braga,Captação de Recursos,recebe,
Felipe Simões da Mota Oriá,Projetos / Parcerias,recebe,
Fernando Amaral Carnaúba,,recebe,
Fernando Haddad Moura,Gestão Pública,recebe,
Filomena Siqueira e Silva,Publicações,recebe,
Francisco de Moura Cândido,Música,recebe,
Francisco Jucelio dos Santos,Educação Maker,recebe,
Frederico da Costa Amancio,Desenvolvimento de Lideranças,recebe,
Gabriel Barreto Corrêa,MEC,recebe,
Gabriela Almeida Silvestrini,,recebe,
Gabriela Ceribelli Talarico,Estratégias de Comunicação e Marca Pessoal,recebe,
Gerson Rodrigues de farias Ribeiro,Empreendedorismo,recebe,
Geyce Fernanda Ferreira,Mestrado, Doutorado, MBA, Estudar Fora,recebe,
Gil Souza de Sant'Anna Júnior,Lideranças Setor Público,recebe,
Giovani Rocha,Captação de Recursos,recebe,
Giovanni Mockus,,recebe,
Giowana Cambrone Araujo,LGBTQIAP+,recebe,
Girleno Menezes Barbosa,Aprendizagem Ativa,recebe,
Guilherme carneiro da cunha cintra,,recebe,
Guilherme Lichand,Gestão Pública,recebe,
Gustavo De Biase Nunes da Rocha,Música,recebe,
Haroldo Corrêa Rocha,Lideranças Setor Público,recebe,
helena velloso,,recebe,
Helena Wajnman Lima,,recebe,
Iago Bueno Bojczuk Camargo,,recebe,
Iara Souza Vicente,Projetos / Parcerias,recebe,
ilana kabacznik luongo kapah,Empreendedorismo,recebe,
Immaculada Lopez Prieto,Mestrado, Doutorado, MBA, Estudar Fora,recebe,
Irapuã Santana do Nascimento da Silva,,recebe,
Isabel Bichucher Opice,,recebe,
Isabel Farah Schwartzman,Empreendedorismo,recebe,
Isabela Rahal Rodas Messias,,recebe,
Isabella Carvalho Grade Vallejo,Carreira / Transição de Carreira,recebe,
Israel Matos Batista,,recebe,
Italo Ribeiro Alves,LGBTQIAP+,recebe,
Izabel Costa da Fonseca,Monitoramento de Aprendizagem,recebe,
Izabel Soares de Souza,Inglês,recebe,
Izabela Aparecida de Souza,Relações Humanas,recebe,
Janaina Oliveira Barros,Gestão Pública,recebe,
Janiele Damiane de Paula,Empreendedorismo,recebe,
Jayse Antonio da Silva Ferreira,Tecnologia,recebe,
Jefferson Santos da Silva,Políticas Públicas,recebe,
Jessika Moreira,Gestão Pública,recebe,
João Augusto Sobreiro Sigora,Captação de Recursos,recebe,
Joao Braga Leal,,recebe,
joão francisco araujo maria,Publicações,recebe,
João Guilherme Rodrigues Gallo,Juventude,recebe,
João Luiz Francisco,Formação de Educadores,recebe,
João Moraes Abreu,Captação de Recursos,recebe,
Joao Paulo Cossi Fernandes,,recebe,
João Paulo de Lima,Mestrado, Doutorado, MBA, Estudar Fora,recebe,
João Paulo Pereira de Araújo,Mestrado, Doutorado, MBA, Estudar Fora,recebe,
Joao Victor Freitas Ferreira,Carreira / Transição de Carreira,recebe,
João Villela de Faria,Políticas Públicas,recebe,
Joice Toyota,Desenvolvimento de Lideranças,recebe,
Jose Antonio Guimaraes Ferreira,,recebe,
José Frederico Lyra Netto,Dados e Conhecimento,recebe,
Josimo da Costa Constant,Tecnologia,recebe,
Júlia Henriques Souza,Tecnologia,recebe,
Julia Pinheiro Andrade,Projetos / Parcerias,recebe,
Julia Sant'Anna,,recebe,
Juliana Augusto Cardoso,Carreira / Transição de Carreira,recebe,
Juliana Frizzoni Candian,,recebe,
Juliana Gregory Cavalcante,Relações Humanas,recebe,
Juliana Moura Bueno,Estratégias de Comunicação e Marca Pessoal,recebe,
Juliane Flávia Cançado Viana,Inglês,recebe,
Julio Alfredo Moreira Sousa Junior,Mestrado, Doutorado, MBA, Estudar Fora,recebe,
Jussara de Luna Batista,Oportunidades Profissionais,recebe,
Karen Santos,,recebe,
Karla Godoy da Costa Lima,,recebe,
karla Janys Lima Nascimento,Gestão Pública,recebe,
Katia Cristina Stocco Smole,,recebe,
Kátia Helena Serafina Cruz Schweickardt,,recebe,
Kayo Felype Nachtajler Amado,Gestão Pública,recebe,
Keila Visconti de Sousa Andriolo,Gestão Escolar,recebe,
Ladjane Karla Torres Lima,Marketing Digital / Redes Sociais / Mídias Digitais,recebe,
Lara Barreto da Rocha,Empreendedorismo,recebe,
Lara Oliveira Vilela,Carreira / Transição de Carreira,recebe,
Lara Simielli,Captação de Recursos,recebe,
Larissa de Fátima Ribeiro Calixto,Mestrado, Doutorado, MBA, Estudar Fora,recebe,
Laura Angélica Moreira Silva,Mestrado, Doutorado, MBA, Estudar Fora,recebe,
Laura Duarte Ogando,Carreira / Transição de Carreira,recebe,
Laura Krolikowski Sanchez Oller,Lideranças Setor Público,recebe,
Laura Marsiaj Ribeiro,Marketing Digital / Redes Sociais / Mídias Digitais,recebe,
Layla Vallias,Relações Humanas,recebe,
Lemaestro,Equidade Racial,recebe,
Leticia Albernaz Guimarães Lyle,Inovação,recebe,
Lia Glaz,Empreendedorismo,recebe,
Lia Rolnik de Almeida,ESG,recebe,
Lian Lin,Estratégias de Comunicação e Marca Pessoal,recebe,
Lilian Ishida Arai,Gestão de Redes,recebe,
Lívia Maria Macedo,Lideranças Setor Público,recebe,
Lucas Fernandes Hoogerbrugge,Carreira / Transição de Carreira,recebe,
Lucas Mottin Corbellini,ESG,recebe,
Lucas Vinicius de oliveira lima,Mestrado, Doutorado, MBA, Estudar Fora,recebe,
Luciana Maria Chalita Campos,PPP,recebe,
Luciana Paes Elmais,Oportunidades Profissionais,recebe,
Luciani Correa de Carvalho Gomes,,recebe,
Lucy Goes da Purificação,ESG,recebe,
Luís Filipe de Miranda Grochocki,Gestão Escolar,recebe,
MANOEL ANDRADE NETO,Captação de Recursos,recebe,
Manoela Vilela Araújo Resende,Maternidade,recebe,
Mara Elizabeth Mansani,Startups,recebe,
Marcelo Fernandes Bernardino,Mestrado, Doutorado, MBA, Estudar Fora,recebe,
Marcelo Granja Nunes,Oportunidades Profissionais,recebe,
Marcelo Knobel,Relações Humanas,recebe,
Marcia Barcellos Ferri,Políticas Públicas,recebe,
Márcia Rejane Martins da Silva Brito,Gestão de Pessoas,recebe,
Marcio Ferreira de Araujo Junior,,recebe,
Marco Antonio Siqueira Camargo,Tecnologia,recebe,
Marcos Carrer da Silveira,Gestão Pública,recebe,
Marcos Pereira da Soledade Jr,Inovação,recebe,
Marden de Melo Barboza,Gestão Pública,recebe,
Maria Angela Hernandez Ortiz,,recebe,
Maria Camila Mourão Mendonça de Barros,Estratégias de Comunicação e Marca Pessoal,recebe,
Maria Carolina Paseto,Carreira / Transição de Carreira,recebe,
Maria Helena Fonseca Marin,Saúde Mental,recebe,
Maria Martinez Calazans Rodrigues,Gestão de Redes,recebe,
Maria Mulé Slemenson,Relações Humanas,recebe,
Maria Paula Vieira Cicogna Abreu,,recebe,
Maria Tereza Paschoal de Moraes,Relações Humanas,recebe,
Mariana Braga Teixeira,Marketing Digital / Redes Sociais / Mídias Digitais,recebe,
Mariana Casellato,Antirracismo,recebe,
Mariana Lopes Fontoura,Esportes,recebe,
marina amadeu batista bragante,Inovação,recebe,
Marina Lafer,Oportunidades Profissionais,recebe,
Marina medeiros helou,Campanhas Eleitorais,recebe,
Marina Roizenblatt,Mestrado, Doutorado, MBA, Estudar Fora,recebe,
Mário Sérgio Adolfi Júnior,Relações Humanas,recebe,
Marisa de Santana da Costa,Inglês,recebe,
Maxwill Michel Santos Araujo Braga,Secretarias,recebe,
Michael Dantas,Música,recebe,
Michael Tulio Ramos de França,Diversidade e Inclusão,recebe,
"Michelle ""Mi"" Medrado",Captação de Recursos,recebe,
Michelle Guimarães Souza Correa,Mestrado, Doutorado, MBA, Estudar Fora,recebe,
Midiã Noelle Santos de Santana,Mestrado, Doutorado, MBA, Estudar Fora,recebe,
mirella domenich,Carreira / Transição de Carreira,recebe,
Mônica Pellegrini,Cultura,recebe,
Monique Evelle,Mestrado, Doutorado, MBA, Estudar Fora,recebe,
Nathalie Gazzaneo,Juventude,recebe,
NAYRA CLAUDINNE GUEDES MENEZES COLOMBO,Empreendedorismo,recebe,
Níkolas Reis Moraes dos Santos,Relações Humanas,recebe,
Nina Rentel Scheilga,,recebe,
Otavio Augusto Pinheiro Auler Rodrigues,Mestrado, Doutorado, MBA, Estudar Fora,recebe,
Paola Salmona Ricci,,recebe,
Paolla Vieira Lima,Diálogos Indígenas,recebe,
Paula Pedro,Projetos / Parcerias,recebe,
Paulo Augusto Meyer Mattos Nascimento,Ensino Médio,recebe,
Paulo Cesar Barbosa Fernandes,Gestão Pública,recebe,
Pedro Henrique Batista Ribeiro,Livros,recebe,
Pedro Ivo Santana Borges de Lima,Oportunidades Profissionais,recebe,
Pepe Tonin,,recebe,
Rafael de Simone Martines,Mestrado, Doutorado, MBA, Estudar Fora,recebe,
Rafael Tavares Schleicher,,recebe,
Rafaela Dias Romero,Lideranças Setor Público,recebe,
Raimundo Otávio da Mota,,recebe,
Raph Gomes Alves,Livros,recebe,
Raquel Lima Alves Babolin,Estratégias de Comunicação e Marca Pessoal,recebe,
Rebeca dos Santos Freitas,Mestrado, Doutorado, MBA, Estudar Fora,recebe,
Renata Chilvarquer Citron,Desenvolvimento de Lideranças,recebe,
Renata Rodrigues Teixeira de Castro,Relações Humanas,recebe,
Rodrigo Barbosa e Silva,Marketing Digital / Redes Sociais / Mídias Digitais,recebe,
Rodrigo Hübner Mendes,Empreendedorismo,recebe,
roger friedrich werner koeppl,Gestão de Pessoas,recebe,
Rogério da Veiga,Captação de Recursos,recebe,
Rogiene Batista dos Santos,,recebe,
Ronaldo Tenório de Freitas,Música,recebe,
Rosa Luzia Ribeiro da Silva,Diversidade e Inclusão,recebe,
Samuel Emilio Melo,Abordagens pedagógicas / Sala de Aula,recebe,
Scheila Wesley Martins,Políticas Públicas,recebe,
Sérgio All,EdTechs,recebe,
Sergio luiz Víctor Júnior,Relações Humanas,recebe,
Sérgio Nogueira Seabra,Políticas Públicas,recebe,
Silvana Tamassia,Lideranças Setor Público,recebe,
Solange Macedo Lima,Inglês,recebe,
SONIA REGINA GUARALDO,Formação de Educadores,recebe,
Stefanie Henking Eskereski,Antirracismo,recebe,
Sueli Lima Nunes,Recomposição de Aprendizagem,recebe,
Sulamita Rosa da Silva,Mestrado, Doutorado, MBA, Estudar Fora,recebe,
Tacio Éden Azevedo Lobo,Mestrado, Doutorado, MBA, Estudar Fora,recebe,
Taisa Nunes Barros,Mestrado, Doutorado, MBA, Estudar Fora,recebe,
Talita Nascimento,,recebe,
Tâmara Barros de Andrade,Mestrado, Doutorado, MBA, Estudar Fora,recebe,
Tamires Rodrigues Vilela,Relações Humanas,recebe,
Teresa Cozetti Pontual Pereira,EdTechs,recebe,
Thales Luan Pereira Dias,Gestão Pública,recebe,
Thiago Rocha de Paula,Marketing Digital / Redes Sociais / Mídias Digitais,recebe,
Thiago Freire Feijão Moreira,Música,recebe,
Thiago Miquel Lamelo,EdTechs,recebe,
Thiago Rached,Campanhas Eleitorais,recebe,
Tiago Cortinaz da Silva,Relações Humanas,recebe,
Tiago de Faveri Giusti,Campanhas Eleitorais,recebe,
Tiago Lima Mitraud de Castro Leite,Secretarias,recebe,
Ursula Vidal Santiago de Mendonça,,recebe,
Veveu Arruda,Desenvolvimento de Lideranças,recebe,
Vinicius Lazzer Poit,Inglês,recebe,
Vinicius Mendes Marcilio,Gestão de Pessoas,recebe,
Vitelio Marcos Brustolin,,recebe,
Vitor Azevedo Pereira Pontual,Mestrado, Doutorado, MBA, Estudar Fora,recebe,
Vítor Del Rey,,recebe,
Viviane Teixeira Loiola de Alencar,Livros,recebe,
Viviani Barnabe,Mestrado, Doutorado, MBA, Estudar Fora,recebe,
Wanessa David Ferreira,,recebe,
Wellington Santos Silva,Música,recebe,
Willian Bueno e Silva,Projetos / Parcerias,recebe,
Willmann Silva Costa,,recebe,
Ana Paula Pereira,São Paulo,oferta,
Ana Paula Romero Manzalli,São Paulo,oferta,
Anamaíra Pereira Spaggiari Souza,São Paulo,oferta,
Anderson Soares Furtado Oliveira,Distrito Federal,oferta,
André Lopes G Cardone,São Paulo,oferta,
André Luís Alice Raabe,Santa Catarina,oferta,
André Silva,São Paulo,oferta,
Anelize Lenzi Ruas de Almeida,Distrito Federal,oferta,
Angelo Luiz Viana Santos,Espírito Santo,oferta,
Anna Funaro Mortara,District Of Columbia,oferta,
Antoine Lousao,Rio de Janeiro,oferta,
Arthur Aguillar,Rio de Janeiro,oferta,
Arthur Igor Cruz lima,Bahia,oferta,
BEATRIZ ALQUERES,Rio de Janeiro,oferta,
Beatriz Azevedo de Araujo,Ceará,oferta,
Beatriz Silva da Costa,Pará,oferta,
Beatriz Vasconcellos de Araujo,Massachusetts,oferta,
Bruno Barbosa de Luna,Rio de Janeiro,oferta,
Bruno Carlesso Betat,São Paulo,oferta,
Bruno da Cruz Carneiro,District of Columbia,oferta,
Bruno Ikeuti,São Paulo,oferta,
Bruno Schettini Gonçalves,Rio de Janeiro,oferta,
Caetano Pansani Siqueira,São Paulo,oferta,
Cainã Perri de Souza,São Paulo,oferta,
Caio Cesar Machado da Cunha,São Paulo,oferta,
Caio de Oliveira Callegari,São Paulo,oferta,
CAMILA ARGOLO GODINHO,Sergipe,oferta,
Carla Christine Chiamareli,São Paulo,oferta,
CARLOS ALBERTO CHIODINI,Santa Catarina,oferta,
Carlos Eduardo Brito Lira,São Paulo,oferta,
Carlos Gomes da Costa Souza,Acre,oferta,
Carlos Henrique Uehara,,oferta,
Carolina de Mattos Ricardo,São Paulo,oferta,
Carolina de Oliveira Campos,Pernambuco,oferta,
Carolina ilidia Soares de Faria,São Paulo,oferta,
Carolina Morais Araujo,Rio de Janeiro,oferta,
Caroline Tavares da Silva,São Paulo,oferta,
Cauê Gasparotto Bueno,São Paulo,oferta,
Cecilia Cortez da Cunha Cruz,São Paulo,oferta,
César Natalio de Freitas Filho,Minas Gerais,oferta,
Cibele Franzese,São Paulo,oferta,
Claudia Zuppini Dalcorso,São Paulo,oferta,
Cléa Maria da Silva Ferreira,Bahia,oferta,
Cristina Kiomi Mori,São Paulo,oferta,
Cristina Lopes Afonso,Goiás,oferta,
Daienne Amaral Machado,Distrito Federal,oferta,
Damione Damito Sanches Sigalas Dameão da Silva,São Paulo,oferta,
Daniel Barros,São Paulo,oferta,
Daniela Natasha Mendes Arai,São Paulo,oferta,
Danielle Montenegro Melo,Ceará,oferta,
Danilo Fernandes Lima da Silva,São Paulo,oferta,
Danilo Ferreira Almeida Farias,Bahia,oferta,
Danilo Moura,São Paulo,oferta,
DARKSON VIEIRA MACHADO,Piauí,oferta,
David Soeiro Barbosa,Minas Gerais,oferta,
Deborah Lins Rufino Lourenço,Rio de Janeiro,oferta,
Denis Tavares Simoes,Distrito Federal,oferta,
Diego Calegari,Santa Catarina,oferta,
Diego Folly de Andrade,Rio de Janeiro,oferta,
Domingos Sávio Alcântara Machado,Sergipe,oferta,
Duarte Jr,Maranhão,oferta,
EDELVES ROSA LUNA,Minas Gerais,oferta,
Eduardo Spanó Junqueira de Paiva,São Paulo,oferta,
Eduardo Valladares,Rio de Janeiro,oferta,
Eizen Monteiro Wanderley,Rio de Janeiro,oferta,
Elisa Adler,Rio de Janeiro,oferta,
Elisa de Rooij Mansur,Rio de Janeiro,oferta,
Eliton Meireles de Moura,São Paulo,oferta,
Ellen da Silva,São Paulo,oferta,
Erica Butow,São Paulo,oferta,
Eziquiel Menta,Paraná,oferta,
Fabio Sola Bittar,New York,oferta,
Fabricio Bonecini de Almeida,Rio de Janeiro,oferta,
Felipe de Azevedo Silva Ribeiro,Rio Grande do Norte,oferta,
Felipe Marinho da Rocha,Illinois,oferta,
Felipe Michel Santos Araújo Braga,Minas Gerais,oferta,
Felipe Simões da Mota Oriá,Distrito Federal,oferta,
Fernando Amaral Carnaúba,New York,oferta,
Fernando Haddad Moura,São Paulo,oferta,
Filomena Siqueira e Silva,São Paulo,oferta,
Francisco de Moura Cândido,Acre,oferta,
Francisco Jucelio dos Santos,Ceará,oferta,
Frederico da Costa Amancio,Pernambuco,oferta,
Gabriel Barreto Corrêa,São Paulo,oferta,
Gabriela Almeida Silvestrini,Minas Gerais,oferta,
Gabriela Ceribelli Talarico,São Paulo,oferta,
Gerson Rodrigues de farias Ribeiro,Pernambuco,oferta,
Geyce Fernanda Ferreira,Amazonas,oferta,
Gil Souza de Sant'Anna Júnior,Rio de Janeiro,oferta,
Giovani Rocha,São Paulo,oferta,
Giovanni Mockus,Distrito Federal,oferta,
Giowana Cambrone Araujo,Rio de Janeiro,oferta,
Girleno Menezes Barbosa,Amazonas,oferta,
Guilherme carneiro da cunha cintra,Rio de Janeiro,oferta,
Guilherme Lichand,,oferta,
Gustavo De Biase Nunes da Rocha,Distrito Federal,oferta,
Haroldo Corrêa Rocha,São Paulo,oferta,
helena velloso,California,oferta,
Helena Wajnman Lima,São Paulo,oferta,
Iago Bueno Bojczuk Camargo,São Paulo,oferta,
Iara Souza Vicente,São Paulo,oferta,
ilana kabacznik luongo kapah,Amapá,oferta,
Immaculada Lopez Prieto,Rio de Janeiro,oferta,
Irapuã Santana do Nascimento da Silva,São Paulo,oferta,
Isabel Bichucher Opice,São Paulo,oferta,
Isabel Farah Schwartzman,São Paulo,oferta,
Isabela Rahal Rodas Messias,Distrito Federal,oferta,
Isabella Carvalho Grade Vallejo,Distrito Federal,oferta,
Israel Matos Batista,Distrito Federal,oferta,
Italo Ribeiro Alves,Ceará,oferta,
Izabel Costa da Fonseca,Minas Gerais,oferta,
Izabel Soares de Souza,São Paulo,oferta,
Izabela Aparecida de Souza,São Paulo,oferta,
Janaina Oliveira Barros,Bahia,oferta,
Janiele Damiane de Paula,Minas Gerais,oferta,
Jayse Antonio da Silva Ferreira,Paraíba,oferta,
Jefferson Santos da Silva,São Paulo,oferta,
Jessika Moreira,Ceará,oferta,
João Augusto Sobreiro Sigora,Distrito Federal,oferta,
Joao Braga Leal,Rio de Janeiro,oferta,
joão francisco araujo maria,Distrito Federal,oferta,
João Guilherme Rodrigues Gallo,Minas Gerais,oferta,
João Luiz Francisco,Santa Catarina,oferta,
João Moraes Abreu,São Paulo,oferta,
Joao Paulo Cossi Fernandes,Distrito Federal,oferta,
João Paulo de Lima,Illinois,oferta,
João Paulo Pereira de Araújo,Minas Gerais,oferta,
Joao Victor Freitas Ferreira,Maranhão,oferta,
João Villela de Faria,Rio de Janeiro,oferta,
Joice Toyota,São Paulo,oferta,
Jose Antonio Guimaraes Ferreira,Minas Gerais,oferta,
José Frederico Lyra Netto,Goiás,oferta,
Josimo da Costa Constant,Acre,oferta,
Júlia Henriques Souza,New York,oferta,
Julia Pinheiro Andrade,São Paulo,oferta,
Julia Sant'Anna,Rio de Janeiro,oferta,
Juliana Augusto Cardoso,São Paulo,oferta,
Juliana Frizzoni Candian,São Paulo,oferta,
Juliana Gregory Cavalcante,São Paulo,oferta,
Juliana Moura Bueno,São Paulo,oferta,
Juliane Flávia Cançado Viana,Goiás,oferta,
Julio Alfredo Moreira Sousa Junior,Goiás,oferta,
Jussara de Luna Batista,Ceará,oferta,
Karen Santos,São Paulo,oferta,
Karla Godoy da Costa Lima,Pernambuco,oferta,
karla Janys Lima Nascimento,Maranhão,oferta,
Katia Cristina Stocco Smole,São Paulo,oferta,
Kátia Helena Serafina Cruz Schweickardt,Amazonas,oferta,
Kayo Felype Nachtajler Amado,São Paulo,oferta,
Keila Visconti de Sousa Andriolo,São Paulo,oferta,
Ladjane Karla Torres Lima,Pernambuco,oferta,
Lara Barreto da Rocha,Bahia,oferta,
Lara Oliveira Vilela,São Paulo,oferta,
Lara Simielli,São Paulo,oferta,
Larissa de Fátima Ribeiro Calixto,São Paulo,oferta,
Laura Angélica Moreira Silva,Minas Gerais,oferta,
Laura Duarte Ogando,Rio de Janeiro,oferta,
Laura Krolikowski Sanchez Oller,São Paulo,oferta,
Laura Marsiaj Ribeiro,São Paulo,oferta,
Layla Vallias,São Paulo,oferta,
Lemaestro,São Paulo,oferta,
Leticia Albernaz Guimarães Lyle,São Paulo,oferta,
Lia Glaz,São Paulo,oferta,
Lia Rolnik de Almeida,São Paulo,oferta,
Lian Lin,São Paulo,oferta,
Lilian Ishida Arai,São Paulo,oferta,
Lívia Maria Macedo,,oferta,
Lucas Fernandes Hoogerbrugge,Minas Gerais,oferta,
Lucas Mottin Corbellini,Santa Catarina,oferta,
Lucas Vinicius de oliveira lima,Rio de Janeiro,oferta,
Luciana Maria Chalita Campos,Sergipe,oferta,
Luciana Paes Elmais,São Paulo,oferta,
Luciani Correa de Carvalho Gomes,Rio de Janeiro,oferta,
Lucy Goes da Purificação,Bahia,oferta,
Luís Filipe de Miranda Grochocki,Distrito Federal,oferta,
MANOEL ANDRADE NETO,Ceará,oferta,
Manoela Vilela Araújo Resende,Distrito Federal,oferta,
Mara Elizabeth Mansani,São Paulo,oferta,
Marcelo Fernandes Bernardino,Minas Gerais,oferta,
Marcelo Granja Nunes,São Paulo,oferta,
Marcelo Knobel,São Paulo,oferta,
Marcia Barcellos Ferri,,oferta,
Márcia Rejane Martins da Silva Brito,Goiás,oferta,
Marcio Ferreira de Araujo Junior,São Paulo,oferta,
Marco Antonio Siqueira Camargo,São Paulo,oferta,
Marcos Carrer da Silveira,São Paulo,oferta,
Marcos Pereira da Soledade Jr,São Paulo,oferta,
Marden de Melo Barboza,Distrito Federal,oferta,
Maria Angela Hernandez Ortiz,São Paulo,oferta,
Maria Camila Mourão Mendonça de Barros,São Paulo,oferta,
Maria Carolina Paseto,São Paulo,oferta,
Maria Helena Fonseca Marin,São Paulo,oferta,
Maria Martinez Calazans Rodrigues,Massachusetts,oferta,
Maria Mulé Slemenson,São Paulo,oferta,
Maria Paula Vieira Cicogna Abreu,São Paulo,oferta,
Maria Tereza Paschoal de Moraes,Paraná,oferta,
Mariana Braga Teixeira,Ceará,oferta,
Mariana Casellato,São Paulo,oferta,
Mariana Lopes Fontoura,California,oferta,
marina amadeu batista bragante,São Paulo,oferta,
Marina Lafer,Rio de Janeiro,oferta,
Marina medeiros helou,São Paulo,oferta,
Marina Roizenblatt,São Paulo,oferta,
Mário Sérgio Adolfi Júnior,São Paulo,oferta,
Marisa de Santana da Costa,Rio de Janeiro,oferta,
Maxwill Michel Santos Araujo Braga,Paraná,oferta,
Michael Dantas,Massachusetts,oferta,
Michael Tulio Ramos de França,São Paulo,oferta,
"Michelle ""Mi"" Medrado",California,oferta,
Michelle Guimarães Souza Correa,Amazonas,oferta,
Midiã Noelle Santos de Santana,Bahia,oferta,
mirella domenich,Rio de Janeiro,oferta,
Mônica Pellegrini,São Paulo,oferta,
Monique Evelle,São Paulo,oferta,
Nathalie Gazzaneo,Michigan,oferta,
NAYRA CLAUDINNE GUEDES MENEZES COLOMBO,Acre,oferta,
Níkolas Reis Moraes dos Santos,Santa Catarina,oferta,
Nina Rentel Scheilga,São Paulo,oferta,
Otavio Augusto Pinheiro Auler Rodrigues,Santa Catarina,oferta,
Paola Salmona Ricci,São Paulo,oferta,
Paolla Vieira Lima,São Paulo,oferta,
Paula Pedro,#N/D,oferta,
Paulo Augusto Meyer Mattos Nascimento,Distrito Federal,oferta,
Paulo Cesar Barbosa Fernandes,Espírito Santo,oferta,
Pedro Henrique Batista Ribeiro,São Paulo,oferta,
Pedro Ivo Santana Borges de Lima,Distrito Federal,oferta,
Pepe Tonin,Distrito Federal,oferta,
Rafael de Simone Martines,São Paulo,oferta,
Rafael Tavares Schleicher,Distrito Federal,oferta,
Rafaela Dias Romero,Rio de Janeiro,oferta,
Raimundo Otávio da Mota,Ceará,oferta,
Raph Gomes Alves,São Paulo,oferta,
Raquel Lima Alves Babolin,Goiás,oferta,
Rebeca dos Santos Freitas,Distrito Federal,oferta,
Renata Chilvarquer Citron,São Paulo,oferta,
Renata Rodrigues Teixeira de Castro,Rio de Janeiro,oferta,
Rodrigo Barbosa e Silva,California,oferta,
Rodrigo Hübner Mendes,São Paulo,oferta,
roger friedrich werner koeppl,São Paulo,oferta,
Rogério da Veiga,Distrito Federal,oferta,
Rogiene Batista dos Santos,São Paulo,oferta,
Ronaldo Tenório de Freitas,Alagoas,oferta,
Rosa Luzia Ribeiro da Silva,Piauí,oferta,
Samuel Emilio Melo,São Paulo,oferta,
Scheila Wesley Martins,Texas,oferta,
Sérgio All,#N/D,oferta,
Sergio luiz Víctor Júnior,São Paulo,oferta,
Sérgio Nogueira Seabra,Distrito Federal,oferta,
Silvana Tamassia,São Paulo,oferta,
Solange Macedo Lima,Minas Gerais,oferta,
SONIA REGINA GUARALDO,São Paulo,oferta,
Stefanie Henking Eskereski,Rio Grande do Sul,oferta,
Sueli Lima Nunes,Pernambuco,oferta,
Sulamita Rosa da Silva,Acre,oferta,
Tacio Éden Azevedo Lobo,Bahia,oferta,
Taisa Nunes Barros,São Paulo,oferta,
Talita Nascimento,Rio de Janeiro,oferta,
Tâmara Barros de Andrade,São Paulo,oferta,
Tamires Rodrigues Vilela,São Paulo,oferta,
Teresa Cozetti Pontual Pereira,Rio de Janeiro,oferta,
Thales Luan Pereira Dias,Minas Gerais,oferta,
Thiago Rocha de Paula,São Paulo,oferta,
Thiago Freire Feijão Moreira,São Paulo,oferta,
Thiago Miquel Lamelo,Massachusetts,oferta,
Thiago Rached,São Paulo,oferta,
Tiago Cortinaz da Silva,Distrito Federal,oferta,
Tiago de Faveri Giusti,Santa Catarina,oferta,
Tiago Lima Mitraud de Castro Leite,Minas Gerais,oferta,
Ursula Vidal Santiago de Mendonça,Pará,oferta,
Veveu Arruda,Ceará,oferta,
Vinicius Lazzer Poit,São Paulo,oferta,
Vinicius Mendes Marcilio,Rio de Janeiro,oferta,
Vitelio Marcos Brustolin,Massachusetts,oferta,
Vitor Azevedo Pereira Pontual,Rio de Janeiro,oferta,
Vítor Del Rey,Rio de Janeiro,oferta,
Viviane Teixeira Loiola de Alencar,São Paulo,oferta,
Viviani Barnabe,São Paulo,oferta,
Wanessa David Ferreira,São Paulo,oferta,
Wellington Santos Silva,Minas Gerais,oferta,
Willian Bueno e Silva,Minas Gerais,oferta,
Willmann Silva Costa,Rio de Janeiro,oferta,
Ana Paula Pereira,Terceiro Setor,oferta,
Ana Paula Romero Manzalli,Empreendedorismo Social,oferta,
Anamaíra Pereira Spaggiari Souza,Terceiro Setor,oferta,
Anderson Soares Furtado Oliveira,Setor Público Executivo,oferta,
André Lopes G Cardone,Educadores em Escolas,oferta,
André Luís Alice Raabe,Academia/Pesquisa,oferta,
André Silva,Setor Privado,oferta,
Anelize Lenzi Ruas de Almeida,Setor Público Executivo,oferta,
Angelo Luiz Viana Santos,Setor Privado,oferta,
Anna Funaro Mortara,Organismo Multilateral/Internacional,oferta,
Antoine Lousao,Educação,oferta,
Arthur Aguillar,Terceiro Setor,oferta,
Arthur Igor Cruz lima,Saúde,oferta,
BEATRIZ ALQUERES,Educação,oferta,
Beatriz Azevedo de Araujo,Terceiro Setor,oferta,
Beatriz Silva da Costa,Academia/Pesquisa,oferta,
Beatriz Vasconcellos de Araujo,Empreendedorismo Social,oferta,
Bruno Barbosa de Luna,Setor Público Executivo,oferta,
Bruno Carlesso Betat,Educação,oferta,
Bruno da Cruz Carneiro,Organismo Multilateral/Internacional,oferta,
Bruno Ikeuti,Setor Público Executivo,oferta,
Bruno Schettini Gonçalves,Setor Público Executivo,oferta,
Caetano Pansani Siqueira,Setor Público Executivo,oferta,
Cainã Perri de Souza,Educação,oferta,
Caio Cesar Machado da Cunha,Desenvolvimento Econômico,oferta,
Caio de Oliveira Callegari,Educação,oferta,
CAMILA ARGOLO GODINHO,Desenvolvimento Social,oferta,
Carla Christine Chiamareli,Educação,oferta,
CARLOS ALBERTO CHIODINI,Setor Público Legislativo,oferta,
Carlos Eduardo Brito Lira,Terceiro Setor,oferta,
Carlos Gomes da Costa Souza,Setor Público Legislativo,oferta,
Carlos Henrique Uehara,#N/D,oferta,
Carolina de Mattos Ricardo,Terceiro Setor,oferta,
Carolina de Oliveira Campos,Empreendedorismo Social,oferta,
Carolina ilidia Soares de Faria,Educação,oferta,
Carolina Morais Araujo,Setor Privado,oferta,
Caroline Tavares da Silva,Terceiro Setor,oferta,
Cauê Gasparotto Bueno,Empreendedorismo Social,oferta,
Cecilia Cortez da Cunha Cruz,Setor Público Executivo,oferta,
César Natalio de Freitas Filho,Empreendedorismo Social,oferta,
Cibele Franzese,,oferta,
Claudia Zuppini Dalcorso,Empreendedorismo Social,oferta,
Cléa Maria da Silva Ferreira,Educação,oferta,
Cristina Kiomi Mori,Empreendedorismo Social,oferta,
Cristina Lopes Afonso,Setor Público Executivo,oferta,
Daienne Amaral Machado,Educação,oferta,
Damione Damito Sanches Sigalas Dameão da Silva,Empreendedorismo Social,oferta,
Daniel Barros,Setor Público Executivo,oferta,
Daniela Natasha Mendes Arai,Terceiro Setor,oferta,
Danielle Montenegro Melo,Terceiro Setor,oferta,
Danilo Fernandes Lima da Silva,Academia/Pesquisa,oferta,
Danilo Ferreira Almeida Farias,Justiça Social,oferta,
Danilo Moura,Desenvolvimento Social,oferta,
DARKSON VIEIRA MACHADO,Educadores em Escolas,oferta,
David Soeiro Barbosa,Academia/Pesquisa,oferta,
Deborah Lins Rufino Lourenço,Terceiro Setor,oferta,
Denis Tavares Simoes,Desenvolvimento Econômico,oferta,
Diego Calegari,Setor Público Executivo,oferta,
Diego Folly de Andrade,Setor Público Executivo,oferta,
Domingos Sávio Alcântara Machado,Educação,oferta,
Duarte Jr,Educação,oferta,
EDELVES ROSA LUNA,Educação,oferta,
Eduardo Spanó Junqueira de Paiva,Desenvolvimento Econômico,oferta,
Eduardo Valladares,Empreendedorismo Social,oferta,
Eizen Monteiro Wanderley,Empreendedorismo Social,oferta,
Elisa Adler,Educação,oferta,
Elisa de Rooij Mansur,Empreendedorismo Social,oferta,
Eliton Meireles de Moura,Educação,oferta,
Ellen da Silva,Terceiro Setor,oferta,
Erica Butow,Educação,oferta,
Eziquiel Menta,Educadores em Escolas,oferta,
Fabio Sola Bittar,Organismo Multilateral/Internacional,oferta,
Fabricio Bonecini de Almeida,Academia/Pesquisa,oferta,
Felipe de Azevedo Silva Ribeiro,Academia/Pesquisa,oferta,
Felipe Marinho da Rocha,Setor Público Executivo,oferta,
Felipe Michel Santos Araújo Braga,Setor Público Executivo,oferta,
Felipe Simões da Mota Oriá,Setor Privado,oferta,
Fernando Amaral Carnaúba,Educação,oferta,
Fernando Haddad Moura,Setor Público Legislativo,oferta,
Filomena Siqueira e Silva,Educação,oferta,
Francisco de Moura Cândido,Meio Ambiente/Sustentabilidade,oferta,
Francisco Jucelio dos Santos,Educação,oferta,
Frederico da Costa Amancio,,oferta,
Gabriel Barreto Corrêa,Terceiro Setor,oferta,
Gabriela Almeida Silvestrini,Academia/Pesquisa,oferta,
Gabriela Ceribelli Talarico,Setor Privado,oferta,
Gerson Rodrigues de farias Ribeiro,Educação,oferta,
Geyce Fernanda Ferreira,Desenvolvimento Social,oferta,
Gil Souza de Sant'Anna Júnior,Setor Privado,oferta,
Giovani Rocha,Academia/Pesquisa,oferta,
Giovanni Mockus,Setor Público Legislativo,oferta,
Giowana Cambrone Araujo,Justiça Social,oferta,
Girleno Menezes Barbosa,Educação,oferta,
Guilherme carneiro da cunha cintra,Empreendedorismo Social,oferta,
Guilherme Lichand,Educação,oferta,
Gustavo De Biase Nunes da Rocha,Meio Ambiente/Sustentabilidade,oferta,
Haroldo Corrêa Rocha,Setor Público Executivo,oferta,
helena velloso,Educação,oferta,
Helena Wajnman Lima,Terceiro Setor,oferta,
Iago Bueno Bojczuk Camargo,Infraestrutura,oferta,
Iara Souza Vicente,Meio Ambiente/Sustentabilidade,oferta,
ilana kabacznik luongo kapah,Justiça Social,oferta,
Immaculada Lopez Prieto,Justiça Social,oferta,
Irapuã Santana do Nascimento da Silva,Justiça Social,oferta,
Isabel Bichucher Opice,Terceiro Setor,oferta,
Isabel Farah Schwartzman,Empreendedorismo Social,oferta,
Isabela Rahal Rodas Messias,Desenvolvimento Social,oferta,
Isabella Carvalho Grade Vallejo,Especialista,oferta,
Israel Matos Batista,Setor Público Legislativo,oferta,
Italo Ribeiro Alves,Terceiro Setor,oferta,
Izabel Costa da Fonseca,Academia/Pesquisa,oferta,
Izabel Soares de Souza,Educação,oferta,
Izabela Aparecida de Souza,Educação,oferta,
Janaina Oliveira Barros,Educadores em Escolas,oferta,
Janiele Damiane de Paula,Gestão Pública,oferta,
Jayse Antonio da Silva Ferreira,Educação,oferta,
Jefferson Santos da Silva,Desenvolvimento Social,oferta,
Jessika Moreira,Setor Público Executivo,oferta,
João Augusto Sobreiro Sigora,Setor Público Executivo,oferta,
Joao Braga Leal,Educação,oferta,
joão francisco araujo maria,Desenvolvimento Social,oferta,
João Guilherme Rodrigues Gallo,Empreendedorismo Social,oferta,
João Luiz Francisco,Empreendedorismo Social,oferta,
João Moraes Abreu,Terceiro Setor,oferta,
Joao Paulo Cossi Fernandes,Educação,oferta,
João Paulo de Lima,Setor Público Executivo,oferta,
João Paulo Pereira de Araújo,Educadores em Escolas,oferta,
Joao Victor Freitas Ferreira,Gestão Pública,oferta,
João Villela de Faria,Setor Público Executivo,oferta,
Joice Toyota,Terceiro Setor,oferta,
Jose Antonio Guimaraes Ferreira,Saúde,oferta,
José Frederico Lyra Netto,Setor Público Legislativo,oferta,
Josimo da Costa Constant,Saúde,oferta,
Júlia Henriques Souza,Academia/Pesquisa,oferta,
Julia Pinheiro Andrade,Educadores em Escolas,oferta,
Julia Sant'Anna,Setor Público Executivo,oferta,
Juliana Augusto Cardoso,Desenvolvimento Econômico,oferta,
Juliana Frizzoni Candian,Terceiro Setor,oferta,
Juliana Gregory Cavalcante,Terceiro Setor,oferta,
Juliana Moura Bueno,Organismo Multilateral/Internacional,oferta,
Juliane Flávia Cançado Viana,Academia/Pesquisa,oferta,
Julio Alfredo Moreira Sousa Junior,Educação,oferta,
Jussara de Luna Batista,Educação,oferta,
Karen Santos,Empreendedorismo Social,oferta,
Karla Godoy da Costa Lima,Empreendedorismo Social,oferta,
karla Janys Lima Nascimento,Educadores em Escolas,oferta,
Katia Cristina Stocco Smole,Educação,oferta,
Kátia Helena Serafina Cruz Schweickardt,Setor Público Executivo,oferta,
Kayo Felype Nachtajler Amado,Setor Público Executivo,oferta,
Keila Visconti de Sousa Andriolo,Educação,oferta,
Ladjane Karla Torres Lima,Educação,oferta,
Lara Barreto da Rocha,Terceiro Setor,oferta,
Lara Oliveira Vilela,Terceiro Setor,oferta,
Lara Simielli,Academia/Pesquisa,oferta,
Larissa de Fátima Ribeiro Calixto,Terceiro Setor,oferta,
Laura Angélica Moreira Silva,Setor Público Legislativo,oferta,
Laura Duarte Ogando,Academia/Pesquisa,oferta,
Laura Krolikowski Sanchez Oller,Desenvolvimento Econômico,oferta,
Laura Marsiaj Ribeiro,Empreendedorismo Social,oferta,
Layla Vallias,Empreendedorismo Social,oferta,
Lemaestro,Educação,oferta,
Leticia Albernaz Guimarães Lyle,Empreendedorismo Social,oferta,
Lia Glaz,Educação,oferta,
Lia Rolnik de Almeida,Terceiro Setor,oferta,
Lian Lin,Setor Privado,oferta,
Lilian Ishida Arai,Especialista,oferta,
Lívia Maria Macedo,Educação,oferta,
Lucas Fernandes Hoogerbrugge,Terceiro Setor,oferta,
Lucas Mottin Corbellini,Organismo Multilateral/Internacional,oferta,
Lucas Vinicius de oliveira lima,Educação,oferta,
Luciana Maria Chalita Campos,Terceiro Setor,oferta,
Luciana Paes Elmais,Gestão Pública,oferta,
Luciani Correa de Carvalho Gomes,Setor Privado,oferta,
Lucy Goes da Purificação,Justiça Social,oferta,
Luís Filipe de Miranda Grochocki,Setor Público Executivo,oferta,
MANOEL ANDRADE NETO,Educadores em Escolas,oferta,
Manoela Vilela Araújo Resende,Educação,oferta,
Mara Elizabeth Mansani,Educadores em Escolas,oferta,
Marcelo Fernandes Bernardino,Terceiro Setor,oferta,
Marcelo Granja Nunes,Gestão Pública,oferta,
Marcelo Knobel,Academia/Pesquisa,oferta,
Marcia Barcellos Ferri,#N/D,oferta,
Márcia Rejane Martins da Silva Brito,Educação,oferta,
Marcio Ferreira de Araujo Junior,Justiça Social,oferta,
Marco Antonio Siqueira Camargo,Gestão Pública,oferta,
Marcos Carrer da Silveira,Empreendedorismo Social,oferta,
Marcos Pereira da Soledade Jr,Educação,oferta,
Marden de Melo Barboza,Setor Público Executivo,oferta,
Maria Angela Hernandez Ortiz,Educação,oferta,
Maria Camila Mourão Mendonça de Barros,Educadores em Escolas,oferta,
Maria Carolina Paseto,Educação,oferta,
Maria Helena Fonseca Marin,Educação,oferta,
Maria Martinez Calazans Rodrigues,Desenvolvimento Social,oferta,
Maria Mulé Slemenson,Terceiro Setor,oferta,
Maria Paula Vieira Cicogna Abreu,Desenvolvimento Econômico,oferta,
Maria Tereza Paschoal de Moraes,Setor Público Executivo,oferta,
Mariana Braga Teixeira,Setor Público Executivo,oferta,
Mariana Casellato,Academia/Pesquisa,oferta,
Mariana Lopes Fontoura,Terceiro Setor,oferta,
marina amadeu batista bragante,Desenvolvimento Social,oferta,
Marina Lafer,Gestão Pública,oferta,
Marina medeiros helou,Setor Público Legislativo,oferta,
Marina Roizenblatt,Especialista,oferta,
Mário Sérgio Adolfi Júnior,Empreendedorismo Social,oferta,
Marisa de Santana da Costa,Terceiro Setor,oferta,
Maxwill Michel Santos Araujo Braga,Educação,oferta,
Michael Dantas,Setor Privado,oferta,
Michael Tulio Ramos de França,Academia/Pesquisa,oferta,
"Michelle ""Mi"" Medrado",Desenvolvimento Econômico,oferta,
Michelle Guimarães Souza Correa,Empreendedorismo Social,oferta,
Midiã Noelle Santos de Santana,Organismo Multilateral/Internacional,oferta,
mirella domenich,Terceiro Setor,oferta,
Mônica Pellegrini,Especialista,oferta,
Monique Evelle,Empreendedorismo Social,oferta,
Nathalie Gazzaneo,Academia/Pesquisa,oferta,
NAYRA CLAUDINNE GUEDES MENEZES COLOMBO,Educadores em Escolas,oferta,
Níkolas Reis Moraes dos Santos,Setor Público Legislativo,oferta,
Nina Rentel Scheilga,Desenvolvimento Social,oferta,
Otavio Augusto Pinheiro Auler Rodrigues,Empreendedorismo Social,oferta,
Paola Salmona Ricci,Educadores em Escolas,oferta,
Paolla Vieira Lima,Terceiro Setor,oferta,
Paula Pedro,#N/D,oferta,
Paulo Augusto Meyer Mattos Nascimento,Academia/Pesquisa,oferta,
Paulo Cesar Barbosa Fernandes,Setor Público Executivo,oferta,
Pedro Henrique Batista Ribeiro,Educação,oferta,
Pedro Ivo Santana Borges de Lima,Gestão Pública,oferta,
Pepe Tonin,Setor Público Legislativo,oferta,
Rafael de Simone Martines,Setor Privado,oferta,
Rafael Tavares Schleicher,Setor Público Executivo,oferta,
Rafaela Dias Romero,Setor Público Executivo,oferta,
Raimundo Otávio da Mota,Educação,oferta,
Raph Gomes Alves,Terceiro Setor,oferta,
Raquel Lima Alves Babolin,Educação,oferta,
Rebeca dos Santos Freitas,Setor Público Executivo,oferta,
Renata Chilvarquer Citron,Empreendedorismo Social,oferta,
Renata Rodrigues Teixeira de Castro,Academia/Pesquisa,oferta,
Rodrigo Barbosa e Silva,Setor Privado,oferta,
Rodrigo Hübner Mendes,Educadores em Escolas,oferta,
roger friedrich werner koeppl,Meio Ambiente/Sustentabilidade,oferta,
Rogério da Veiga,Setor Público Legislativo,oferta,
Rogiene Batista dos Santos,Academia/Pesquisa,oferta,
Ronaldo Tenório de Freitas,,oferta,
Rosa Luzia Ribeiro da Silva,Educadores em Escolas,oferta,
Samuel Emilio Melo,Justiça Social,oferta,
Scheila Wesley Martins,Academia/Pesquisa,oferta,
Sérgio All,#N/D,oferta,
Sergio luiz Víctor Júnior,Desenvolvimento Econômico,oferta,
Sérgio Nogueira Seabra,Desenvolvimento Social,oferta,
Silvana Tamassia,Empreendedorismo Social,oferta,
Solange Macedo Lima,Educação,oferta,
SONIA REGINA GUARALDO,Educação,oferta,
Stefanie Henking Eskereski,Gestão Pública,oferta,
Sueli Lima Nunes,Educação,oferta,
Sulamita Rosa da Silva,Academia/Pesquisa,oferta,
Tacio Éden Azevedo Lobo,Educação,oferta,
Taisa Nunes Barros,Educação,oferta,
Talita Nascimento,Setor Público Legislativo,oferta,
Tâmara Barros de Andrade,Gestão Pública,oferta,
Tamires Rodrigues Vilela,Empreendedorismo Social,oferta,
Teresa Cozetti Pontual Pereira,Educação,oferta,
Thales Luan Pereira Dias,Desenvolvimento Econômico,oferta,
Thiago Rocha de Paula,Educação,oferta,
Thiago Freire Feijão Moreira,Educação,oferta,
Thiago Miquel Lamelo,Educação,oferta,
Thiago Rached,Educação,oferta,
Tiago Cortinaz da Silva,Educação,oferta,
Tiago de Faveri Giusti,Educação,oferta,
Tiago Lima Mitraud de Castro Leite,Gestão Pública,oferta,
Ursula Vidal Santiago de Mendonça,Desenvolvimento Social,oferta,
Veveu Arruda,Terceiro Setor,oferta,
Vinicius Lazzer Poit,Setor Público Legislativo,oferta,
Vinicius Mendes Marcilio,Desenvolvimento Econômico,oferta,
Vitelio Marcos Brustolin,Desenvolvimento Econômico,oferta,
Vitor Azevedo Pereira Pontual,Academia/Pesquisa,oferta,
Vítor Del Rey,Terceiro Setor,oferta,
Viviane Teixeira Loiola de Alencar,Especialista,oferta,
Viviani Barnabe,Saúde,oferta,
Wanessa David Ferreira,Setor Privado,oferta,
Wellington Santos Silva,Empreendedorismo Social,oferta,
Willian Bueno e Silva,Setor Público Executivo,oferta,
Willmann Silva Costa,Setor Público Executivo,oferta,
Ana Paula Romero Manzalli,Mestrado, Doutorado, MBA, Estudar Fora,oferta,
Anamaíra Pereira Spaggiari Souza,Avaliações de Impacto,oferta,
Anderson Soares Furtado Oliveira,Liderança Adaptativa,oferta,
André Lopes G Cardone,Saúde Mental,oferta,
André Luís Alice Raabe,Educação Maker,oferta,
André Silva,Empreendedorismo,oferta,
Anelize Lenzi Ruas de Almeida,,oferta,
Angelo Luiz Viana Santos,Conectividade,oferta,
Anna Funaro Mortara,Carreira,oferta,
Antoine Lousao,Oportunidades Profissionais,oferta,
Arthur Aguillar,,oferta,
Arthur Igor Cruz lima,Saúde Mental,oferta,
BEATRIZ ALQUERES,Maternidade,oferta,
Beatriz Azevedo de Araujo,Mulheres na Política,oferta,
Beatriz Silva da Costa,Anticorrupção,oferta,
Beatriz Vasconcellos de Araujo,Mestrado, Doutorado, MBA, Estudar Fora,oferta,
Bruno Barbosa de Luna,Lideranças Setor Público,oferta,
Bruno Carlesso Betat,,oferta,
Bruno da Cruz Carneiro,BID,oferta,
Bruno Ikeuti,Francês,oferta,
Bruno Schettini Gonçalves,Estratégias de Comunicação e Marca Pessoal,oferta,
Caetano Pansani Siqueira,Mestrado, Doutorado, MBA, Estudar Fora,oferta,
Cainã Perri de Souza,Formação de Educadores,oferta,
Caio Cesar Machado da Cunha,Gestão de Pessoas,oferta,
Caio de Oliveira Callegari,Captação de Recursos,oferta,
CAMILA ARGOLO GODINHO,Projetos / Parcerias,oferta,
Carla Christine Chiamareli,Educação Profissional,oferta,
CARLOS ALBERTO CHIODINI,Estratégias de Comunicação e Marca Pessoal,oferta,
Carlos Eduardo Brito Lira,,oferta,
Carlos Gomes da Costa Souza,Campanhas Eleitorais,oferta,
Carlos Henrique Uehara,Gestão de Redes,oferta,
Carolina de Mattos Ricardo,,oferta,
Carolina de Oliveira Campos,,oferta,
Carolina ilidia Soares de Faria,Relações Governamentais,oferta,
Carolina Morais Araujo,Oportunidades Profissionais,oferta,
Caroline Tavares da Silva,Desenvolvimento de Lideranças,oferta,
Cauê Gasparotto Bueno,Inovação,oferta,
Cecilia Cortez da Cunha Cruz,,oferta,
César Natalio de Freitas Filho,Captação de Recursos,oferta,
Cibele Franzese,Mestrado, Doutorado, MBA, Estudar Fora,oferta,
Claudia Zuppini Dalcorso,,oferta,
Cléa Maria da Silva Ferreira,Formação de Educadores,oferta,
Cristina Kiomi Mori,,oferta,
Cristina Lopes Afonso,,oferta,
Daienne Amaral Machado,Evidências na Gestão Pública,oferta,
Damione Damito Sanches Sigalas Dameão da Silva,Marketing Digital / Redes Sociais / Mídias Digitais,oferta,
Daniel Barros,Ensino Médio,oferta,
Daniela Natasha Mendes Arai,Mestrado, Doutorado, MBA, Estudar Fora,oferta,
Danielle Montenegro Melo,Projetos / Parcerias,oferta,
Danilo Fernandes Lima da Silva,Mestrado, Doutorado, MBA, Estudar Fora,oferta,
Danilo Ferreira Almeida Farias,ESG,oferta,
Danilo Moura,,oferta,
DARKSON VIEIRA MACHADO,,oferta,
David Soeiro Barbosa,Ensino Superior,oferta,
Deborah Lins Rufino Lourenço,Amarrar Turbantes,oferta,
Denis Tavares Simoes,Educação Financeira,oferta,
Diego Calegari,Políticas Públicas,oferta,
Diego Folly de Andrade,Esportes,oferta,
Domingos Sávio Alcântara Machado,Inovação,oferta,
Duarte Jr,Causa Animal,oferta,
EDELVES ROSA LUNA,Gestão de Pessoas,oferta,
Eduardo Spanó Junqueira de Paiva,Compras Públicas,oferta,
Eduardo Valladares,Estratégias de Comunicação e Marca Pessoal,oferta,
Eizen Monteiro Wanderley,ESG,oferta,
Elisa Adler,Desenvolvimento de Lideranças,oferta,
Elisa de Rooij Mansur,Primeira Infância,oferta,
Eliton Meireles de Moura,Educação Maker,oferta,
Ellen da Silva,Equidade Racial,oferta,
Erica Butow,Desenvolvimento de Lideranças,oferta,
Eziquiel Menta,,oferta,
Fabio Sola Bittar,,oferta,
Fabricio Bonecini de Almeida,,oferta,
Felipe de Azevedo Silva Ribeiro,Formação de Educadores,oferta,
Felipe Marinho da Rocha,Perspectivas Brasil,oferta,
Felipe Michel Santos Araújo Braga,Negociações,oferta,
Felipe Simões da Mota Oriá,Criptomoedas,oferta,
Fernando Amaral Carnaúba,Mestrado, Doutorado, MBA, Estudar Fora,oferta,
Fernando Haddad Moura,Campanhas Eleitorais,oferta,
Filomena Siqueira e Silva,Dados e Conhecimento,oferta,
Francisco de Moura Cândido,Diálogos Indígenas,oferta,
Francisco Jucelio dos Santos,Gestão Escolar,oferta,
Frederico da Costa Amancio,Gestão Pública,oferta,
Gabriel Barreto Corrêa,,oferta,
Gabriela Almeida Silvestrini,,oferta,
Gabriela Ceribelli Talarico,Mestrado, Doutorado, MBA, Estudar Fora,oferta,
Gerson Rodrigues de farias Ribeiro,Inteligência Artificial,oferta,
Geyce Fernanda Ferreira,ESG,oferta,
Gil Souza de Sant'Anna Júnior,Dados e Conhecimento,oferta,
Giovani Rocha,Antirracismo,oferta,
Giovanni Mockus,,oferta,
Giowana Cambrone Araujo,LGBTQIAP+,oferta,
Girleno Menezes Barbosa,Projetos / Parcerias,oferta,
Guilherme carneiro da cunha cintra,,oferta,
Guilherme Lichand,Recomposição de Aprendizagem,oferta,
Gustavo De Biase Nunes da Rocha,Campanhas Eleitorais,oferta,
Haroldo Corrêa Rocha,,oferta,
helena velloso,,oferta,
Helena Wajnman Lima,,oferta,
Iago Bueno Bojczuk Camargo,Mestrado, Doutorado, MBA, Estudar Fora,oferta,
Iara Souza Vicente,WEB3,oferta,
ilana kabacznik luongo kapah,,oferta,
Immaculada Lopez Prieto,Primeira Infância,oferta,
Irapuã Santana do Nascimento da Silva,Antirracismo,oferta,
Isabel Bichucher Opice,Altruísmo Eficaz,oferta,
Isabel Farah Schwartzman,,oferta,
Isabela Rahal Rodas Messias,,oferta,
Isabella Carvalho Grade Vallejo,,oferta,
Israel Matos Batista,Juventude,oferta,
Italo Ribeiro Alves,Refugiados,oferta,
Izabel Costa da Fonseca,Mestrado, Doutorado, MBA, Estudar Fora,oferta,
Izabel Soares de Souza,Gestão Escolar,oferta,
Izabela Aparecida de Souza,Mestrado, Doutorado, MBA, Estudar Fora,oferta,
Janaina Oliveira Barros,Alfabetização,oferta,
Janiele Damiane de Paula,Estratégias de Comunicação e Marca Pessoal,oferta,
Jayse Antonio da Silva Ferreira,Abordagens pedagógicas / Sala de Aula,oferta,
Jefferson Santos da Silva,Campanhas eleitorais,oferta,
Jessika Moreira,Inovação,oferta,
João Augusto Sobreiro Sigora,Inovação,oferta,
Joao Braga Leal,EdTechs,oferta,
joão francisco araujo maria,,oferta,
João Guilherme Rodrigues Gallo,Monitoramento de Aprendizagem,oferta,
João Luiz Francisco,Estratégias de Comunicação e Marca Pessoal,oferta,
João Moraes Abreu,Empreendedorismo,oferta,
Joao Paulo Cossi Fernandes,,oferta,
João Paulo de Lima,Tecnologia,oferta,
João Paulo Pereira de Araújo,Gestão Escolar,oferta,
Joao Victor Freitas Ferreira,Marketing Digital / Redes Sociais / Mídias Digitais,oferta,
João Villela de Faria,Transição de Carreira,oferta,
Joice Toyota,Gestão de Pessoas,oferta,
Jose Antonio Guimaraes Ferreira,,oferta,
José Frederico Lyra Netto,Secretarias,oferta,
Josimo da Costa Constant,Diálogos Indígenas,oferta,
Júlia Henriques Souza,Mestrado, Doutorado, MBA, Estudar Fora,oferta,
Julia Pinheiro Andrade,Recomposição de Aprendizagem,oferta,
Julia Sant'Anna,Secretarias,oferta,
Juliana Augusto Cardoso,Estratégias de Comunicação e Marca Pessoal,oferta,
Juliana Frizzoni Candian,Avaliação Docente,oferta,
Juliana Gregory Cavalcante,ESG,oferta,
Juliana Moura Bueno,Políticas Públicas,oferta,
Juliane Flávia Cançado Viana,,oferta,
Julio Alfredo Moreira Sousa Junior,Marketing Digital / Redes Sociais / Mídias Digitais,oferta,
Jussara de Luna Batista,Educação Profissional,oferta,
Karen Santos,,oferta,
Karla Godoy da Costa Lima,,oferta,
karla Janys Lima Nascimento,Formação de Educadores,oferta,
Katia Cristina Stocco Smole,Recomposição de Aprendizagem,oferta,
Kátia Helena Serafina Cruz Schweickardt,ESG,oferta,
Kayo Felype Nachtajler Amado,Estratégias de Comunicação e Marca Pessoal,oferta,
Keila Visconti de Sousa Andriolo,Tecnologia,oferta,
Ladjane Karla Torres Lima,Juventude,oferta,
Lara Barreto da Rocha,Antirracismo,oferta,
Lara Oliveira Vilela,Mestrado, Doutorado, MBA, Estudar Fora,oferta,
Lara Simielli,Mestrado, Doutorado, MBA, Estudar Fora,oferta,
Larissa de Fátima Ribeiro Calixto,Desenvolvimento de Lideranças,oferta,
Laura Angélica Moreira Silva,Mulheres na Política,oferta,
Laura Duarte Ogando,Evidências na Gestão Pública,oferta,
Laura Krolikowski Sanchez Oller,Lideranças Setor Público,oferta,
Laura Marsiaj Ribeiro,Startups,oferta,
Layla Vallias,Economia da Longevidade,oferta,
Lemaestro,Inovação,oferta,
Leticia Albernaz Guimarães Lyle,Antirracismo,oferta,
Lia Glaz,,oferta,
Lia Rolnik de Almeida,,oferta,
Lian Lin,Análises Econômicas e Políticas,oferta,
Lilian Ishida Arai,Inovação,oferta,
Lívia Maria Macedo,Mestrado, Doutorado, MBA, Estudar Fora,oferta,
Lucas Fernandes Hoogerbrugge,Gestão Pública,oferta,
Lucas Mottin Corbellini,Mestrado, Doutorado, MBA, Estudar Fora,oferta,
Lucas Vinicius de oliveira lima,Startups,oferta,
Luciana Maria Chalita Campos,Mestrado, Doutorado, MBA, Estudar Fora,oferta,
Luciana Paes Elmais,Oportunidades Profissionais,oferta,
Luciani Correa de Carvalho Gomes,Marketing Digital / Redes Sociais / Mídias Digitais,oferta,
Lucy Goes da Purificação,Equidade Racial,oferta,
Luís Filipe de Miranda Grochocki,Marketing Digital / Redes Sociais / Mídias Digitais,oferta,
MANOEL ANDRADE NETO,Juventude,oferta,
Manoela Vilela Araújo Resende,MEC,oferta,
Mara Elizabeth Mansani,Alfabetização,oferta,
Marcelo Fernandes Bernardino,PPP,oferta,
Marcelo Granja Nunes,Dados e Conhecimento,oferta,
Marcelo Knobel,,oferta,
Marcia Barcellos Ferri,Alfabetização,oferta,
Márcia Rejane Martins da Silva Brito,Gestão Escolar,oferta,
Marcio Ferreira de Araujo Junior,,oferta,
Marco Antonio Siqueira Camargo,Gestão de Pessoas,oferta,
Marcos Carrer da Silveira,Dados e conhecimento,oferta,
Marcos Pereira da Soledade Jr,Mandarim / Coreano,oferta,
Marden de Melo Barboza,Negociações,oferta,
Maria Angela Hernandez Ortiz,Aprendizagem Ativa,oferta,
Maria Camila Mourão Mendonça de Barros,Ensino Médio,oferta,
Maria Carolina Paseto,Secretarias,oferta,
Maria Helena Fonseca Marin,Relações Humanas,oferta,
Maria Martinez Calazans Rodrigues,Políticas Públicas,oferta,
Maria Mulé Slemenson,Diversidade,oferta,
Maria Paula Vieira Cicogna Abreu,,oferta,
Maria Tereza Paschoal de Moraes,,oferta,
Mariana Braga Teixeira,Cultura,oferta,
Mariana Casellato,Mestrado, Doutorado, MBA, Estudar Fora,oferta,
Mariana Lopes Fontoura,Mestrado, Doutorado, MBA, Estudar Fora,oferta,
marina amadeu batista bragante,Mulheres na Política,oferta,
Marina Lafer,Mestrado, Doutorado, MBA, Estudar Fora,oferta,
Marina medeiros helou,Campanhas Eleitorais,oferta,
Marina Roizenblatt,Mestrado, Doutorado, MBA, Estudar Fora,oferta,
Mário Sérgio Adolfi Júnior,Startups,oferta,
Marisa de Santana da Costa,Alfabetização,oferta,
Maxwill Michel Santos Araujo Braga,Arte,oferta,
Michael Dantas,Mestrado, Doutorado, MBA, Estudar Fora,oferta,
Michael Tulio Ramos de França,Equidade Racial,oferta,
"Michelle ""Mi"" Medrado",Publicações,oferta,
Michelle Guimarães Souza Correa,Estratégias de Comunicação e Marca Pessoal,oferta,
Midiã Noelle Santos de Santana,Antirracismo,oferta,
mirella domenich,Empreendedorismo,oferta,
Mônica Pellegrini,,oferta,
Monique Evelle,ESG,oferta,
Nathalie Gazzaneo,Redução de Desigualdades,oferta,
NAYRA CLAUDINNE GUEDES MENEZES COLOMBO,Ensino Médio,oferta,
Níkolas Reis Moraes dos Santos,,oferta,
Nina Rentel Scheilga,Inovação,oferta,
Otavio Augusto Pinheiro Auler Rodrigues,Empreendedorismo,oferta,
Paola Salmona Ricci,Tecnologia,oferta,
Paolla Vieira Lima,Abordagens pedagógicas / Sala de Aula,oferta,
Paula Pedro,Música,oferta,
Paulo Augusto Meyer Mattos Nascimento,Captação de Recursos,oferta,
Paulo Cesar Barbosa Fernandes,Tecnologia,oferta,
Pedro Henrique Batista Ribeiro,Música,oferta,
Pedro Ivo Santana Borges de Lima,,oferta,
Pepe Tonin,Mestrado, Doutorado, MBA, Estudar Fora,oferta,
Rafael de Simone Martines,,oferta,
Rafael Tavares Schleicher,,oferta,
Rafaela Dias Romero,,oferta,
Raimundo Otávio da Mota,Recomposição de Aprendizagem,oferta,
Raph Gomes Alves,Secretarias,oferta,
Raquel Lima Alves Babolin,,oferta,
Rebeca dos Santos Freitas,Gestão de Pessoas,oferta,
Renata Chilvarquer Citron,Empreendedorismo,oferta,
Renata Rodrigues Teixeira de Castro,,oferta,
Rodrigo Barbosa e Silva,Mestrado, Doutorado, MBA, Estudar Fora,oferta,
Rodrigo Hübner Mendes,,oferta,
roger friedrich werner koeppl,ESG,oferta,
Rogério da Veiga,,oferta,
Rogiene Batista dos Santos,Educação Financeira,oferta,
Ronaldo Tenório de Freitas,,oferta,
Rosa Luzia Ribeiro da Silva,Publicações,oferta,
Samuel Emilio Melo,Oportunidades Profissionais,oferta,
Scheila Wesley Martins,,oferta,
Sérgio All,,oferta,
Sergio luiz Víctor Júnior,Gestão Pública,oferta,
Sérgio Nogueira Seabra,Anticorrupção,oferta,
Silvana Tamassia,Equidade Racial,oferta,
Solange Macedo Lima,Homeschooling,oferta,
SONIA REGINA GUARALDO,,oferta,
Stefanie Henking Eskereski,Recomposição de Aprendizagem,oferta,
Sueli Lima Nunes,Antirracismo,oferta,
Sulamita Rosa da Silva,Equidade Racial,oferta,
Tacio Éden Azevedo Lobo,Gestão de Stakeholders,oferta,
Taisa Nunes Barros,,oferta,
Talita Nascimento,Metodologias Ágeis,oferta,
Tâmara Barros de Andrade,Captação de Recursos,oferta,
Tamires Rodrigues Vilela,Mestrado, Doutorado, MBA, Estudar Fora,oferta,
Teresa Cozetti Pontual Pereira,Avaliações de Impacto,oferta,
Thales Luan Pereira Dias,Startups,oferta,
Thiago Rocha de Paula,Estratégias de Comunicação e Marca Pessoal,oferta,
Thiago Freire Feijão Moreira,Startups,oferta,
Thiago Miquel Lamelo,,oferta,
Thiago Rached,Oportunidades Profissionais,oferta,
Tiago Cortinaz da Silva,,oferta,
Tiago de Faveri Giusti,Gestão Escolar,oferta,
Tiago Lima Mitraud de Castro Leite,,oferta,
Ursula Vidal Santiago de Mendonça,Gabinete de crise,oferta,
Veveu Arruda,Cultura,oferta,
Vinicius Lazzer Poit,,oferta,
Vinicius Mendes Marcilio,,oferta,
Vitelio Marcos Brustolin,Mestrado, Doutorado, MBA, Estudar Fora,oferta,
Vitor Azevedo Pereira Pontual,,oferta,
Vítor Del Rey,Livros,oferta,
Viviane Teixeira Loiola de Alencar,Oncologia,oferta,
Viviani Barnabe,Metodologia Ativa (PBL),oferta,
Wanessa David Ferreira,,oferta,
Wellington Santos Silva,Inglês,oferta,
Willian Bueno e Silva,PPP,oferta,
Willmann Silva Costa,Gestão Escolar,oferta,
Abidan Henrique da Silva,Setor Público Legislativo,oferta,
Alabê Nunjara Silva,Academia/Pesquisa,oferta,
Alessandro Lucciola Molon,Setor Público Legislativo,oferta,
Alice Andrés Ribeiro,Terceiro Setor,oferta,
Alice dos Santos Gabino,Terceiro Setor,oferta,
Aline Cristina Pereira dos Santos,Especialista,oferta,
ALINE DAMASCENO FERREIRA SCHLEICHER,Setor Público Executivo,oferta,
Antoine Lousao,Setor Público Executivo,oferta,
Arthur Igor Cruz lima,Empreendedorismo Social,oferta,
BEATRIZ ALQUERES,Terceiro Setor,oferta,
Bruno Carlesso Betat,Terceiro Setor,oferta,
Cainã Perri de Souza,Terceiro Setor,oferta,
Caio Cesar Machado da Cunha,Setor Público Legislativo,oferta,
Caio de Oliveira Callegari,Setor Público Executivo,oferta,
CAMILA ARGOLO GODINHO,Setor Público Legislativo,oferta,
Carla Christine Chiamareli,Terceiro Setor,oferta,
Carolina ilidia Soares de Faria,Terceiro Setor,oferta,
Cibele Franzese,Academia/Pesquisa,oferta,
Cléa Maria da Silva Ferreira,Terceiro Setor,oferta,
Daienne Amaral Machado,Academia/Pesquisa,oferta,
Danilo Ferreira Almeida Farias,Academia/Pesquisa,oferta,
Danilo Moura,Organismo Multilateral/Internacional,oferta,
Denis Tavares Simoes,Setor Público Executivo,oferta,
Domingos Sávio Alcântara Machado,Academia/Pesquisa,oferta,
Duarte Jr,Setor Público Legislativo,oferta,
EDELVES ROSA LUNA,Educadores em Escolas,oferta,
Eduardo Spanó Junqueira de Paiva,Setor Público Executivo,oferta,
Elisa Adler,Terceiro Setor,oferta,
Eliton Meireles de Moura,Empreendedorismo Social,oferta,
Erica Butow,Terceiro Setor,oferta,
Fernando Amaral Carnaúba,Terceiro Setor,oferta,
Filomena Siqueira e Silva,Terceiro Setor,oferta,
Francisco de Moura Cândido,Academia/Pesquisa,oferta,
Francisco Jucelio dos Santos,Setor Público Executivo,oferta,
Frederico da Costa Amancio,Setor Público Executivo,oferta,
Gerson Rodrigues de farias Ribeiro,Empreendedorismo Social,oferta,
Geyce Fernanda Ferreira,Empreendedorismo Social,oferta,
Giowana Cambrone Araujo,Empreendedorismo Social,oferta,
Girleno Menezes Barbosa,Terceiro Setor,oferta,
Guilherme Lichand,Academia/Pesquisa,oferta,
Gustavo De Biase Nunes da Rocha,Setor Público Legislativo,oferta,
helena velloso,Academia/Pesquisa,oferta,
Iago Bueno Bojczuk Camargo,Organismo Multilateral/Internacional,oferta,
Iara Souza Vicente,Empreendedorismo Social,oferta,
ilana kabacznik luongo kapah,Academia/Pesquisa,oferta,
Immaculada Lopez Prieto,Organismo Multilateral/Internacional,oferta,
Irapuã Santana do Nascimento da Silva,Especialista,oferta,
Isabela Rahal Rodas Messias,Setor Público Legislativo,oferta,
Izabel Soares de Souza,Educadores em Escolas,oferta,
Izabela Aparecida de Souza,Setor Privado,oferta,
Janiele Damiane de Paula,Terceiro Setor,oferta,
Jayse Antonio da Silva Ferreira,Educadores em Escolas,oferta,
Jefferson Santos da Silva,Setor Público Legislativo,oferta,
Joao Braga Leal,Empreendedorismo Social,oferta,
joão francisco araujo maria,Setor Público Executivo,oferta,
Joao Paulo Cossi Fernandes,Organismo Multilateral/Internacional,oferta,
Joao Victor Freitas Ferreira,Setor Privado,oferta,
Jose Antonio Guimaraes Ferreira,Academia/Pesquisa,oferta,
Josimo da Costa Constant,Academia/Pesquisa,oferta,
Juliana Augusto Cardoso,Setor Público Executivo,oferta,
Julio Alfredo Moreira Sousa Junior,Empreendedorismo Social,oferta,
Jussara de Luna Batista,Setor Público Executivo,oferta,
Katia Cristina Stocco Smole,Terceiro Setor,oferta,
Keila Visconti de Sousa Andriolo,Empreendedorismo Social,oferta,
Ladjane Karla Torres Lima,Terceiro Setor,oferta,
Laura Krolikowski Sanchez Oller,Organismo Multilateral/Internacional,oferta,
Lemaestro,Terceiro Setor,oferta,
Lia Glaz,Terceiro Setor,oferta,
Lívia Maria Macedo,Academia/Pesquisa,oferta,
Lucas Vinicius de oliveira lima,Empreendedorismo Social,oferta,
Luciana Paes Elmais,Empreendedorismo Social,oferta,
Lucy Goes da Purificação,Setor Público Executivo,oferta,
Manoela Vilela Araújo Resende,Setor Público Executivo,oferta,
Marcelo Granja Nunes,Terceiro Setor,oferta,
Márcia Rejane Martins da Silva Brito,Setor Público Executivo,oferta,
Marcio Ferreira de Araujo Junior,Terceiro Setor,oferta,
Marco Antonio Siqueira Camargo,Terceiro Setor,oferta,
Marcos Pereira da Soledade Jr,Empreendedorismo Social,oferta,
Maria Angela Hernandez Ortiz,Empreendedorismo Social,oferta,
Maria Carolina Paseto,Terceiro Setor,oferta,
Maria Helena Fonseca Marin,Terceiro Setor,oferta,
Maria Martinez Calazans Rodrigues,Setor Privado,oferta,
Maria Paula Vieira Cicogna Abreu,Academia/Pesquisa,oferta,
marina amadeu batista bragante,Setor Público Executivo,oferta,
Marina Lafer,Academia/Pesquisa,oferta,
Maxwill Michel Santos Araujo Braga,Empreendedorismo Social,oferta,
"Michelle ""Mi"" Medrado",Academia/Pesquisa,oferta,
Nina Rentel Scheilga,Terceiro Setor,oferta,
Pedro Henrique Batista Ribeiro,Empreendedorismo Social,oferta,
Pedro Ivo Santana Borges de Lima,Setor Público Legislativo,oferta,
Raimundo Otávio da Mota,Setor Público Executivo,oferta,
Raquel Lima Alves Babolin,Educadores em Escolas,oferta,
roger friedrich werner koeppl,Empreendedorismo Social,oferta,
Ronaldo Tenório de Freitas,Empreendedorismo Social,oferta,
Samuel Emilio Melo,Setor Público Legislativo,oferta,
Sergio luiz Víctor Júnior,Setor Público Legislativo,oferta,
Sérgio Nogueira Seabra,Setor Público Executivo,oferta,
Solange Macedo Lima,Empreendedorismo Social,oferta,
SONIA REGINA GUARALDO,Terceiro Setor,oferta,
Stefanie Henking Eskereski,Setor Público Executivo,oferta,
Sueli Lima Nunes,Terceiro Setor,oferta,
Tacio Éden Azevedo Lobo,Setor Privado,oferta,
Taisa Nunes Barros,Setor Privado,oferta,
Tâmara Barros de Andrade,Terceiro Setor,oferta,
Teresa Cozetti Pontual Pereira,Setor Público Executivo,oferta,
Thales Luan Pereira Dias,Setor Público Executivo,oferta,
Thiago Rocha de Paula,Setor Público Executivo,oferta,
Thiago Freire Feijão Moreira,Empreendedorismo Social,oferta,
Thiago Miquel Lamelo,Setor Privado,oferta,
Thiago Rached,Empreendedorismo Social,oferta,
Tiago Cortinaz da Silva,Setor Público Executivo,oferta,
Tiago de Faveri Giusti,Empreendedorismo Social,oferta,
Tiago Lima Mitraud de Castro Leite,Setor Público Legislativo,oferta,
Ursula Vidal Santiago de Mendonça,Setor Público Executivo,oferta,
Vinicius Mendes Marcilio,Setor Privado,oferta,
Vitelio Marcos Brustolin,Academia/Pesquisa,oferta,
Viviani Barnabe,Academia/Pesquisa,oferta,
